"dataset","genus","category","substance","duration of accumulation","exposure route","n (replicate)","Kinetic biaccumulation factor","report","reference","comments"
"<a href='Asellus_cypermethrine_24h_Dalhoff2020.txt'target='_blank'>Asellus_cypermethrine_24h_Dalhoff2020.txt</a>","<i>Asellus</i>","aquatic invertebrate","cypermethrine","24 hours","water","16 (2)","514 </br> [422 - 629]","<a href='Asellus_cypermethrine_24h_Dalhoff2020.pdf' target='_blank'>Link</a>","<a id='cite-Dalhoff2020'target='_blank'></a><a href='http://dx.doi.org/10.1021/acs.est.0c00189'>Dalhoff<i> et al.</i> (2020)</a>",NA
"<a href='Axinella_Ag_7.04d_Genta2012.txt'target='_blank'>Axinella_Ag_7.04d_Genta2012.txt</a>","<i>Axinella</i>","seawater sponge","Ag","7.04 days","water","66 (3)","3267 </br> [2558 - 4285]","<a href='Axinella_Ag_7.04d_Genta2012.pdf' target='_blank'>Link</a>","<a id='cite-Genta2012'target='_blank'></a><a href='http://dx.doi.org/10.1016/j.chemosphere.2012.04.052'>Genta-Jouve<i> et al.</i> (2012)</a>",NA
"<a href='Axinella_Hg_7.04d_Genta2012.txt'target='_blank'>Axinella_Hg_7.04d_Genta2012.txt</a>","<i>Axinella</i>","seawater sponge","Hg","7.04 days","water","66 (3)","3275 </br> [2561 - 4271]","<a href='Axinella_Hg_7.04d_Genta2012.pdf' target='_blank'>Link</a>","<a href='http://dx.doi.org/10.1016/j.chemosphere.2012.04.052'target='_blank'>Genta-Jouve<i> et al.</i> (2012)</a>",NA
"<a href='Calanus_dodecane_88h_Agersted2018.txt'target='_blank'>Calanus_dodecane_88h_Agersted2018.txt</a>","<i>Calanus</i>","aquatic invertebrate","dodecane","88 hours","water","17 (3)","118756 </br> [33521 - 2509635]","<a href='Calanus_dodecane_88h_Agersted2018.pdf' target='_blank'>Link</a>","<a id='cite-Agersted2018'target='_blank'></a><a href='http://dx.doi.org/10.1016/j.aquatox.2017.12.001'>Agersted<i> et al.</i> (2018)</a>",NA
"<a href='Calanus_phenanthrene_88h_Agersted2018.txt'target='_blank'>Calanus_phenanthrene_88h_Agersted2018.txt</a>","<i>Calanus</i>","aquatic invertebrate","phenanthrene","88 hours","water","16 (3)","117733 </br> [82830 - 202192]","<a href='Calanus_phenanthrene_88h_Agersted2018.pdf' target='_blank'>Link</a>","<a href='http://dx.doi.org/10.1016/j.aquatox.2017.12.001'target='_blank'>Agersted<i> et al.</i> (2018)</a>",NA
"<a href='Chaetopteryx_cypermethrine_24h_Dalhoff2020.txt'target='_blank'>Chaetopteryx_cypermethrine_24h_Dalhoff2020.txt</a>","<i>Chaetopteryx</i>","insect","cypermethrine","24 hours","water","16 (2)","40 </br> [32 - 49]","<a href='Chaetopteryx_cypermethrine_24h_Dalhoff2020.pdf' target='_blank'>Link</a>","<a href='http://dx.doi.org/10.1021/acs.est.0c00189'target='_blank'>Dalhoff<i> et al.</i> (2020)</a>",NA
"<a href='Chironomus_cypermethrine_24h_Dalhoff2020.txt'target='_blank'>Chironomus_cypermethrine_24h_Dalhoff2020.txt</a>","<i>Chironomus</i>","aquatic invertebrate","cypermethrine","24 hours","water","16 (2)","209 </br> [173 - 252]","<a href='Chironomus_cypermethrine_24h_Dalhoff2020.pdf' target='_blank'>Link</a>","<a href='http://dx.doi.org/10.1021/acs.est.0c00189'target='_blank'>Dalhoff<i> et al.</i> (2020)</a>",NA
"<a href='Chlorella_4-tert-octylphenol_24h_Achar2020.txt'target='_blank'>Chlorella_4-tert-octylphenol_24h_Achar2020.txt</a>","<i>Chlorella</i>","aquatic algae","4-tert-octylphenol","24 hours","water","11 (2)","531 </br> [0 - 1165]","<a href='Chlorella_4-tert-octylphenol_24h_Achar2020.pdf' target='_blank'>Link</a>","<a id='cite-Achar2020'target='_blank'></a><a href='http://dx.doi.org/10.1016/j.ecoenv.2020.110379'>Achar<i> et al.</i> (2020)</a>",NA
"<a href='Danio_atrazine_48h_El-Amrani2012.csv'target='_blank'>Danio_atrazine_48h_El-Amrani2012.csv</a>","<i>Danio</i>","fish","atrazine","48 hours","water","30 (3)","11 </br> [10 - 11]","<a href='Danio_atrazine_48h_El-Amrani2012.pdf' target='_blank'>Link</a>","<a id='cite-El-Amrani2012'target='_blank'></a><a href='https://doi.org/10.1016/j.scitotenv.2012.02.065'>El-Amrani<i> et al.</i> (2012)</a>","2 tested concentrations"
"<a href='Danio_chlorpyrifos_48h_El-Amrani2012.csv'target='_blank'>Danio_chlorpyrifos_48h_El-Amrani2012.csv</a>","<i>Danio</i>","fish","chlorpyrifos","48 hours","water","35 (6)","1247 </br> [1097 - 1398]","<a href='Danio_chlorpyrifos_48h_El-Amrani2012.pdf' target='_blank'>Link</a>","<a href='https://doi.org/10.1016/j.scitotenv.2012.02.065'target='_blank'>El-Amrani<i> et al.</i> (2012)</a>","2 tested concentrations"
"<a href='Danio_dicofol_48h_El-Amrani2012.csv'target='_blank'>Danio_dicofol_48h_El-Amrani2012.csv</a>","<i>Danio</i>","fish","dicofol","48 hours","water","33 (3)","5153 </br> [4707 - 5682]","<a href='Danio_dicofol_48h_El-Amrani2012.pdf' target='_blank'>Link</a>","<a href='https://doi.org/10.1016/j.scitotenv.2012.02.065'target='_blank'>El-Amrani<i> et al.</i> (2012)</a>",NA
"<a href='Daphnia_4-tert-octylphenol_9h_Achar2020.txt'target='_blank'>Daphnia_4-tert-octylphenol_9h_Achar2020.txt</a>","<i>Daphnia</i>","aquatic invertebrate","4-tert-octylphenol","9 hours","water","14 (2)","3188 </br> [2243 - 4454]","<a href='Daphnia_4-tert-octylphenol_9h_Achar2020.pdf' target='_blank'>Link</a>","<a href='http://dx.doi.org/10.1016/j.ecoenv.2020.110379'target='_blank'>Achar<i> et al.</i> (2020)</a>",NA
"<a href='Daphnia_alpha-cypermethrine propiconazole_7.5h_Kretschmann2016.txt'target='_blank'>Daphnia_alpha-cypermethrine propiconazole_7.5h_Kretschmann2016.txt</a>","<i>Daphnia</i>","aquatic invertebrate","alpha-cypermethrine propiconazole","7.5 hours","water","24 (3)","511 </br> [351 - 733]","<a href='Daphnia_alpha-cypermethrine-propiconazole_7.5h_Kretschmann2016.pdf' target='_blank'>Link</a>","<a id='cite-Kretschmann2016'target='_blank'></a><a href='https://doi.org/10.1007/s00216-015-9197-x'>Kretschmann<i> et al.</i> (2016)</a>",NA
"<a href='Daphnia_alpha-cypermethrine_7.5h_Kretschmann2016.txt'target='_blank'>Daphnia_alpha-cypermethrine_7.5h_Kretschmann2016.txt</a>","<i>Daphnia</i>","aquatic invertebrate","alpha-cypermethrine","7.5 hours","water","22 (2)","364 </br> [302 - 427]","<a href='Daphnia_alpha-cypermethrine_7.5h_Kretschmann2016.pdf' target='_blank'>Link</a>","<a href='https://doi.org/10.1007/s00216-015-9197-x'target='_blank'>Kretschmann<i> et al.</i> (2016)</a>",NA
"<a href='Daphnia_cypermethrine_24h_Dalhoff2020.txt'target='_blank'>Daphnia_cypermethrine_24h_Dalhoff2020.txt</a>","<i>Daphnia</i>","aquatic invertebrate","cypermethrine","24 hours","water","16 (2)","562 </br> [472 - 650]","<a href='Daphnia_cypermethrine_24h_Dalhoff2020.pdf' target='_blank'>Link</a>","<a href='http://dx.doi.org/10.1021/acs.est.0c00189'target='_blank'>Dalhoff<i> et al.</i> (2020)</a>",NA
"<a href='Daphnia_diazinon_21h_Kretschmann2011.csv'target='_blank'>Daphnia_diazinon_21h_Kretschmann2011.csv</a>","<i>Daphnia</i>","aquatic invertebrate","diazinon","21 hours","water","30 (6)","428 </br> [399 - 457]","<a href='Daphnia_diazinon_21h_Kretschmann2011.pdf' target='_blank'>Link</a>","<a id='cite-Kretschmann2011'target='_blank'></a><a href='https://doi.org/10.1021/es104324v'>Kretschmann<i> et al.</i> (2011)</a>",NA
"<a href='Daphnia_imidacloprid_90h_Li2021.csv'target='_blank'>Daphnia_imidacloprid_90h_Li2021.csv</a>","<i>Daphnia</i>","aquatic invertebrate","imidacloprid","90 hours","water","36 (3)","1183 </br> [1150 - 1215]","<a href='Daphnia_imidacloprid_90h_Li2021.pdf' target='_blank'>Link</a>","<a id='cite-Li2021'target='_blank'></a><a href=' 
        https://doi.org/10.1021/acs.est.0c05664
    
'>Li<i> et al.</i> (2021)</a>",NA
"<a href='Daphnia_TPT_72h_Gergs2016_intermediate.txt'target='_blank'>Daphnia_TPT_72h_Gergs2016_intermediate.txt</a>","<i>Daphnia</i>","aquatic invertebrate","TPT","72 hours","water","9 (1)","793 </br> [0 - 1635]","<a href='Daphnia_TPT_72h_Gergs2016_intermediate.pdf' target='_blank'>Link</a>","<a id='cite-Gergs2016'target='_blank'></a><a href=' 
        https://doi.org/10.1021/acs.est.6b01113
    
'>Gergs<i> et al.</i> (2016)</a>","intermediate size"
"<a href='Daphnia_TPT_72h_Gergs2016_large.txt'target='_blank'>Daphnia_TPT_72h_Gergs2016_large.txt</a>","<i>Daphnia</i>","aquatic invertebrate","TPT","72 hours","water","8 (1)","1023 </br> [0 - 27280]","<a href='Daphnia_TPT_72h_Gergs2016_large.pdf' target='_blank'>Link</a>","<a href=' 
        https://doi.org/10.1021/acs.est.6b01113
    
'target='_blank'>Gergs<i> et al.</i> (2016)</a>","large"
"<a href='Daphnia_TPT_72h_Gergs2016_small.txt'target='_blank'>Daphnia_TPT_72h_Gergs2016_small.txt</a>","<i>Daphnia</i>","aquatic invertebrate","TPT","72 hours","water","9 (1)","1406 </br> [671 - 2143]","<a href='Daphnia_TPT_72h_Gergs2016_small.pdf' target='_blank'>Link</a>","<a href=' 
        https://doi.org/10.1021/acs.est.6b01113
    
'target='_blank'>Gergs<i> et al.</i> (2016)</a>","small size"
"<a href='Eisenia_tebuconazol_21h_Svobodova2018.csv'target='_blank'>Eisenia_tebuconazol_21h_Svobodova2018.csv</a>","<i>Eisenia</i>","aquatic worm","tebuconazol","21 hours","sediment","24 (3)","3 </br> [2 - 3]","<a href='Eisenia_tebuconazol_21h_Svobodova2018.pdf' target='_blank'>Link</a>","<a id='cite-Svobodova2018'target='_blank'></a><a href='https://doi.org/10.1016/j.envpol.2018.01.082'>Svobodov<e1><i> et al.</i> (2018)</a>",NA
"<a href='Enchytraeus_Ce_14d_Huang2020.txt'target='_blank'>Enchytraeus_Ce_14d_Huang2020.txt</a>","<i>Enchytraeus</i>","terrestrial worm","Ce","14 days","water","6 (6)","4 </br> [0 - 59518]","<a href='Enchytraeus_Ce_14d_Huang2020.pdf' target='_blank'>Link</a>","<a id='cite-Huang2020'target='_blank'></a><a href='https://www.sciencedirect.com/science/article/pii/S0269749119373373'>Huang<i> et al.</i> (2020)</a>","6 tested concentrations"
"<a href='Enchytraeus_Gd_14d_Huang2020.txt'target='_blank'>Enchytraeus_Gd_14d_Huang2020.txt</a>","<i>Enchytraeus</i>","terrestrial worm","Gd","14 days","water","6 (6)","0 </br> [0 - 1465]","<a href='Enchytraeus_Gd_14d_Huang2020.pdf' target='_blank'>Link</a>","<a href='https://www.sciencedirect.com/science/article/pii/S0269749119373373'target='_blank'>Huang<i> et al.</i> (2020)</a>","6 tested concentrations"
"<a href='Enchytraeus_La_14d_Huang2020.txt'target='_blank'>Enchytraeus_La_14d_Huang2020.txt</a>","<i>Enchytraeus</i>","terrestrial worm","La","14 days","water","6 (6)","0 </br> [0 - 919]","<a href='Enchytraeus_La_14d_Huang2020.pdf' target='_blank'>Link</a>","<a href='https://www.sciencedirect.com/science/article/pii/S0269749119373373'target='_blank'>Huang<i> et al.</i> (2020)</a>","6 tested concentrations"
"<a href='Ephemera_cypermethrine_24h_Dalhoff2020.txt'target='_blank'>Ephemera_cypermethrine_24h_Dalhoff2020.txt</a>","<i>Ephemera</i>","insect","cypermethrine","24 hours","water","16 (2)","38 </br> [24 - 53]","<a href='Ephemera_cypermethrine_24h_Dalhoff2020.pdf' target='_blank'>Link</a>","<a href='http://dx.doi.org/10.1021/acs.est.0c00189'target='_blank'>Dalhoff<i> et al.</i> (2020)</a>",NA
"<a href='Gammarus_2,4-dichloro-aniline_0.999d_Ashauer2012.txt'target='_blank'>Gammarus_2,4-dichloro-aniline_0.999d_Ashauer2012.txt</a>","<i>Gammarus</i>","aquatic invertebrate","2,4-dichloro-aniline","0.999 days","water","14 (2)","8 </br> [0 - 6229]","<a href='Gammarus_2,4-dichloro-aniline_0.999d_Ashauer2012.pdf' target='_blank'>Link</a>","<a id='cite-Ashauer2012'target='_blank'></a><a href='http://dx.doi.org/10.1021/es204611h'>Ashauer<i> et al.</i> (2012)</a>","biotransformation"
"<a href='Gammarus_2,4,5-trichlorophenol_0.979d_Ashauer2012.txt'target='_blank'>Gammarus_2,4,5-trichlorophenol_0.979d_Ashauer2012.txt</a>","<i>Gammarus</i>","aquatic invertebrate","2,4,5-trichlorophenol","0.979 days","water","18 (2)","43 </br> [0 - 47094]","<a href='Gammarus_2,4,5-trichlorophenol_0.979d_Ashauer2012.pdf' target='_blank'>Link</a>","<a href='http://dx.doi.org/10.1021/es204611h'target='_blank'>Ashauer<i> et al.</i> (2012)</a>","biotransformation"
"<a href='Gammarus_4-nitrobenzyl-chloride_1d_Ashauer2012.csv'target='_blank'>Gammarus_4-nitrobenzyl-chloride_1d_Ashauer2012.csv</a>","<i>Gammarus</i>","aquatic invertebrate","4-nitrobenzyl-chloride","1 days","water","14 (2)","223 </br> [6 - 806025]","<a href='Gammarus_4-nitrobenzyl-chloride_1d_Ashauer2012.pdf' target='_blank'>Link</a>","<a href='http://dx.doi.org/10.1021/es204611h'target='_blank'>Ashauer<i> et al.</i> (2012)</a>","biotransformation"
"<a href='Gammarus_aldicarb_1d_Ashauer2012.csv'target='_blank'>Gammarus_aldicarb_1d_Ashauer2012.csv</a>","<i>Gammarus</i>","aquatic invertebrate","aldicarb","1 days","water","14 (2)","7 </br> [4 - 18]","<a href='Gammarus_aldicarb_1d_Ashauer2012.pdf' target='_blank'>Link</a>","<a href='http://dx.doi.org/10.1021/es204611h'target='_blank'>Ashauer<i> et al.</i> (2012)</a>","biotransformation"
"<a href='Gammarus_azoxistrobine_1d_Rosch2016.txt'target='_blank'>Gammarus_azoxistrobine_1d_Rosch2016.txt</a>","<i>Gammarus</i>","aquatic invertebrate","azoxistrobine","1 days","water","38 (2)","3982 </br> [1666 - 7674598]","<a href='Gammarus_azoxistrobine_1d_Rosch2016.pdf' target='_blank'>Link</a>","<a id='cite-Rosch2016'target='_blank'></a><a href=' 
        https://doi.org/10.1021/acs.est.6b01301
    
'>Rosch<i> et al.</i> (2016)</a>","biotransformation"
"<a href='Gammarus_BDE99_7d_Ratier2019_food.txt'target='_blank'>Gammarus_BDE99_7d_Ratier2019_food.txt</a>","<i>Gammarus</i>","aquatic invertebrate","BDE99","7 days","food","8 (1)","0.0473 </br> [0.0335 - 0.0635]","<a href='Gammarus_BDE99_7d_Ratier2019_food.pdf' target='_blank'>Link</a>","<a id='cite-Ratier2019'target='_blank'></a><a href='https://tel.archives-ouvertes.fr/tel-02612792'>Ratier (2019)</a>",NA
"<a href='Gammarus_BDE99_7d_Ratier2019_sediment.txt'target='_blank'>Gammarus_BDE99_7d_Ratier2019_sediment.txt</a>","<i>Gammarus</i>","aquatic invertebrate","BDE99","7 days","sediment","8 (1)","0.1629 </br> [0.1233 - 0.2138]","<a href='Gammarus_BDE99_7d_Ratier2019_sediment.pdf' target='_blank'>Link</a>","<a href='https://tel.archives-ouvertes.fr/tel-02612792'target='_blank'>Ratier (2019)</a>",NA
"<a href='Gammarus_carbaryl_0.990d_Ashauer2012.txt'target='_blank'>Gammarus_carbaryl_0.990d_Ashauer2012.txt</a>","<i>Gammarus</i>","aquatic invertebrate","carbaryl","0.990 days","water","20 (2)","5 </br> [3 - 11]","<a href='Gammarus_carbaryl_0.990d_Ashauer2012.pdf' target='_blank'>Link</a>","<a href='http://dx.doi.org/10.1021/es204611h'target='_blank'>Ashauer<i> et al.</i> (2012)</a>","biotransformation"
"<a href='Gammarus_carbofuran_0.990d_Ashauer2012.txt'target='_blank'>Gammarus_carbofuran_0.990d_Ashauer2012.txt</a>","<i>Gammarus</i>","aquatic invertebrate","carbofuran","0.990 days","water","18 (2)","1 </br> [0 - 585]","<a href='Gammarus_carbofuran_0.990d_Ashauer2012.pdf' target='_blank'>Link</a>","<a href='http://dx.doi.org/10.1021/es204611h'target='_blank'>Ashauer<i> et al.</i> (2012)</a>","biotransformation"
"<a href='Gammarus_chlorpyrifos_0.979d_Ashauer2012.txt'target='_blank'>Gammarus_chlorpyrifos_0.979d_Ashauer2012.txt</a>","<i>Gammarus</i>","aquatic invertebrate","chlorpyrifos","0.979 days","water","15 (2)","132 </br> [76 - 184]","<a href='Gammarus_chlorpyrifos_0.979d_Ashauer2012.pdf' target='_blank'>Link</a>","<a href='http://dx.doi.org/10.1021/es204611h'target='_blank'>Ashauer<i> et al.</i> (2012)</a>","biotransformation"
"<a href='Gammarus_Cu_7d_Urien2017.csv'target='_blank'>Gammarus_Cu_7d_Urien2017.csv</a>","<i>Gammarus</i>","aquatic invertebrate","Cu","7 days","water","92 (15)","10116 </br> [9286 - 11029]","<a href='Gammarus_Cu_7d_Urien2017.pdf' target='_blank'>Link</a>","<a id='cite-Urien2017'target='_blank'></a><a href='https://www.sciencedirect.com/science/article/pii/S0166445X1730303X'>Urien<i> et al.</i> (2017)</a>",NA
"<a href='Gammarus_cypermethrine_24h_Dalhoff2020.txt'target='_blank'>Gammarus_cypermethrine_24h_Dalhoff2020.txt</a>","<i>Gammarus</i>","aquatic invertebrate","cypermethrine","24 hours","water","16 (2)","202 </br> [128 - 283]","<a href='Gammarus_cypermethrine_24h_Dalhoff2020.pdf' target='_blank'>Link</a>","<a href='http://dx.doi.org/10.1021/acs.est.0c00189'target='_blank'>Dalhoff<i> et al.</i> (2020)</a>",NA
"<a href='Gammarus_diazepam_2d_Miller2017.txt'target='_blank'>Gammarus_diazepam_2d_Miller2017.txt</a>","<i>Gammarus</i>","aquatic invertebrate","diazepam","2 days","water","12 (3)","151 </br> [36 - 182457]","<a href='Gammarus_diazepam_2d_Miller2017.pdf' target='_blank'>Link</a>","<a id='cite-Miller2017'target='_blank'></a><a href='https://www.sciencedirect.com/science/article/pii/S0045653517307877'>Miller<i> et al.</i> (2017)</a>","biotransformation"
"<a href='Gammarus_dichlorophenol_0.979d_Ashauer2012.txt'target='_blank'>Gammarus_dichlorophenol_0.979d_Ashauer2012.txt</a>","<i>Gammarus</i>","aquatic invertebrate","dichlorophenol","0.979 days","water","20 (2)","2 </br> [0 - 1866]","<a href='Gammarus_dichlorophenol_0.979d_Ashauer2012.pdf' target='_blank'>Link</a>","<a href='http://dx.doi.org/10.1021/es204611h'target='_blank'>Ashauer<i> et al.</i> (2012)</a>","biotransformation"
"<a href='Gammarus_HBCD_9d_Ratier2019.txt'target='_blank'>Gammarus_HBCD_9d_Ratier2019.txt</a>","<i>Gammarus</i>","aquatic invertebrate","HBCD","9 days","sediment","17 (2)","0.0363 </br> [0.022 - 0.0499]","<a href='Gammarus_HBCD_9d_Ratier2019.pdf' target='_blank'>Link</a>","<a href='https://tel.archives-ouvertes.fr/tel-02612792'target='_blank'>Ratier (2019)</a>",NA
"<a href='Gammarus_malathion_0.99d_Ashauer2012.txt'target='_blank'>Gammarus_malathion_0.99d_Ashauer2012.txt</a>","<i>Gammarus</i>","aquatic invertebrate","malathion","0.99 days","water","18 (2)","7660 </br> [22 - 818346]","<a href='Gammarus_malathion_0.99d_Ashauer2012.pdf' target='_blank'>Link</a>","<a href='http://dx.doi.org/10.1021/es204611h'target='_blank'>Ashauer<i> et al.</i> (2012)</a>","biotransformation"
"<a href='Gammarus_Ni_7d_Urien2017.csv'target='_blank'>Gammarus_Ni_7d_Urien2017.csv</a>","<i>Gammarus</i>","aquatic invertebrate","Ni","7 days","water","87 (14)","276 </br> [257 - 294]","<a href='Gammarus_Ni_7d_Urien2017.pdf' target='_blank'>Link</a>","<a href='https://www.sciencedirect.com/science/article/pii/S0166445X1730303X'target='_blank'>Urien<i> et al.</i> (2017)</a>",NA
"<a href='Gammarus_PCB153_7d_Ratier2019.txt'target='_blank'>Gammarus_PCB153_7d_Ratier2019.txt</a>","<i>Gammarus</i>","aquatic invertebrate","PCB153","7 days","food","11 (3)","0.0702 </br> [0.0602 - 0.0817]","<a href='Gammarus_PCB153_7d_Ratier2019.pdf' target='_blank'>Link</a>","<a href='https://tel.archives-ouvertes.fr/tel-02612792'target='_blank'>Ratier (2019)</a>",NA
"<a href='Gammarus_PCB153_7d_Ratier2019_sediment.txt'target='_blank'>Gammarus_PCB153_7d_Ratier2019_sediment.txt</a>","<i>Gammarus</i>","aquatic invertebrate","PCB153","7 days","sediment","9 (2)","0.4038 </br> [0.2502 - 0.7573]","<a href='Gammarus_PCB153_7d_Ratier2019_sediment.pdf' target='_blank'>Link</a>","<a href='https://tel.archives-ouvertes.fr/tel-02612792'target='_blank'>Ratier (2019)</a>",NA
"<a href='Gammarus_PeCB_6d_Ratier2019.txt'target='_blank'>Gammarus_PeCB_6d_Ratier2019.txt</a>","<i>Gammarus</i>","aquatic invertebrate","PeCB","6 days","food","11 (1)","0.0952 </br> [0.0754 - 0.1168]","<a href='Gammarus_PeCB_6d_Ratier2019.pdf' target='_blank'>Link</a>","<a href='https://tel.archives-ouvertes.fr/tel-02612792'target='_blank'>Ratier (2019)</a>",NA
"<a href='Gammarus_pentachlorophenol_0.990d_Ashauer2012.txt'target='_blank'>Gammarus_pentachlorophenol_0.990d_Ashauer2012.txt</a>","<i>Gammarus</i>","aquatic invertebrate","pentachlorophenol","0.990 days","water","20 (2)","105231 </br> [894 - 6452195]","<a href='Gammarus_pentachlorophenol_0.990d_Ashauer2012.pdf' target='_blank'>Link</a>","<a href='http://dx.doi.org/10.1021/es204611h'target='_blank'>Ashauer<i> et al.</i> (2012)</a>","biotransformation"
"<a href='Gammarus_propranolol_2d_Miller2017.txt'target='_blank'>Gammarus_propranolol_2d_Miller2017.txt</a>","<i>Gammarus</i>","aquatic invertebrate","propranolol","2 days","water","12 (3)","27 </br> [18 - 35]","<a href='Gammarus_propranolol_2d_Miller2017.pdf' target='_blank'>Link</a>","<a href='https://www.sciencedirect.com/science/article/pii/S0045653517307877'target='_blank'>Miller<i> et al.</i> (2017)</a>","biotransformation"
"<a href='Gammarus_PRZ_1d_Fu2018.txt'target='_blank'>Gammarus_PRZ_1d_Fu2018.txt</a>","<i>Gammarus</i>","aquatic invertebrate","PRZ","1 days","water","38 (2)","132 </br> [122 - 143]","<a href='Gammarus_PRZ_1d_Fu2018.pdf' target='_blank'>Link</a>","<a id='cite-Fu2018'target='_blank'></a><a href='https://doi.org/10.1021/acs.est.8b04057'>Fu<i> et al.</i> (2018)</a>","biotransformation"
"<a href='Gammarus_pyrene_7d_Carrasco-Navarro2015.txt'target='_blank'>Gammarus_pyrene_7d_Carrasco-Navarro2015.txt</a>","<i>Gammarus</i>","aquatic invertebrate","pyrene","7 days","water","28 (4)","145030 </br> [1755 - 8144775]","<a href='Gammarus_pyrene_7d_Carrasco-Navarro2015.pdf' target='_blank'>Link</a>","<a id='cite-Carrasco-Navarro2015'target='_blank'></a><a href='https://www.sciencedirect.com/science/article/pii/S0141113615300313'>Carrasco-Navarro<i> et al.</i> (2015)</a>","biotransformation"
"<a href='Halophila_Ni_12d_Malea2021.csv'target='_blank'>Halophila_Ni_12d_Malea2021.csv</a>","<i>Halophila</i>","seawater plant","Ni","12 days","water","6 (1)","1 </br> [0 - 55]","<a href='Halophila_Ni_12d_Malea2021.pdf' target='_blank'>Link</a>","<a id='cite-Malea2021'target='_blank'></a><a href='http://dx.doi.org/10.1016/j.ecoenv.2020.111386'>Malea<i> et al.</i> (2021)</a>","7 tested concentrations"
"<a href='Heptagenia_cypermethrine_24h_Dalhoff2020.txt'target='_blank'>Heptagenia_cypermethrine_24h_Dalhoff2020.txt</a>","<i>Heptagenia</i>","insect","cypermethrine","24 hours","water","16 (2)","1414 </br> [632 - 54717]","<a href='Heptagenia_cypermethrine_24h_Dalhoff2020.pdf' target='_blank'>Link</a>","<a href='http://dx.doi.org/10.1021/acs.est.0c00189'target='_blank'>Dalhoff<i> et al.</i> (2020)</a>",NA
"<a href='Hyalella_AZ_1d_Fu2018.txt'target='_blank'>Hyalella_AZ_1d_Fu2018.txt</a>","<i>Hyalella</i>","aquatic invertebrate","AZ","1 days","water","38 (2)","15 </br> [12 - 21]","<a href='Hyalella_AZ_1d_Fu2018.pdf' target='_blank'>Link</a>","<a href='https://doi.org/10.1021/acs.est.8b04057'target='_blank'>Fu<i> et al.</i> (2018)</a>","biotransformation"
"<a href='Hyalella_BaP_3d_Schuler2003.txt'target='_blank'>Hyalella_BaP_3d_Schuler2003.txt</a>","<i>Hyalella</i>","aquatic invertebrate","BaP","3 days","sediment","14 (1)","0.315 </br> [0.27 - 0.365]","<a href='Hyalella_BaP_3d_Schuler2003.pdf' target='_blank'>Link</a>","<a id='cite-Schuler2003'target='_blank'></a><a href='http://dx.doi.org/10.1002/etc.5620220227'>Schuler<i> et al.</i> (2003)</a>",NA
"<a href='Hydropsyche_cypermethrine_24h_Dalhoff2020.txt'target='_blank'>Hydropsyche_cypermethrine_24h_Dalhoff2020.txt</a>","<i>Hydropsyche</i>","insect","cypermethrine","24 hours","water","16 (2)","541 </br> [83 - 29813]","<a href='Hydropsyche_cypermethrine_24h_Dalhoff2020.pdf' target='_blank'>Link</a>","<a href='http://dx.doi.org/10.1021/acs.est.0c00189'target='_blank'>Dalhoff<i> et al.</i> (2020)</a>",NA
"<a href='Lumbriculus_BaP_10.5d_Schuler2003.csv'target='_blank'>Lumbriculus_BaP_10.5d_Schuler2003.csv</a>","<i>Lumbriculus</i>","aquatic worm","BaP","10.5 days","sediment","29 (3)","1 </br> [1 - 1]","<a href='Lumbriculus_BaP_10.5d_Schuler2003.pdf' target='_blank'>Link</a>","<a href='http://dx.doi.org/10.1002/etc.5620220227'target='_blank'>Schuler<i> et al.</i> (2003)</a>","biotransformation"
"<a href='Lumbriculus_cd_14d_Chen2017.txt'target='_blank'>Lumbriculus_cd_14d_Chen2017.txt</a>","<i>Lumbriculus</i>","aquatic worm","cd","14 days","sediment","8 (2)","0.3497 </br> [0.1789 - 0.6237]","<a href='Lumbriculus_cd_14d_Chen2017.pdf' target='_blank'>Link</a>","<a id='cite-Chen2017'target='_blank'></a><a href='http://dx.doi.org/10.1007/s10646-017-1769-4'>Chen<i> et al.</i> (2017)</a>",NA
"<a href='Lumbriculus_fipronil_14d_Wang2019.txt'target='_blank'>Lumbriculus_fipronil_14d_Wang2019.txt</a>","<i>Lumbriculus</i>","aquatic worm","fipronil","14 days","sediment","9 (1)","0.093 </br> [0.0767 - 0.1093]","<a href='Lumbriculus_fipronil_14d_Wang2019.pdf' target='_blank'>Link</a>","<a id='cite-Wang2019'target='_blank'></a><a href='http://dx.doi.org/10.1016/j.scitotenv.2019.03.490'>Wang<i> et al.</i> (2019)</a>",NA
"<a href='Oncorhynchus_2-6dimethyldecane_14d_Lo2015.csv'target='_blank'>Oncorhynchus_2-6dimethyldecane_14d_Lo2015.csv</a>","<i>Oncorhynchus</i>","fish","2-6dimethyldecane","14 days","food","27 (3)","3.5e-03 </br> [2.6e-03 - 5e-03]","<a href='Oncorhynchus_2-6dimethyldecane_14d_Lo2015.pdf' target='_blank'>Link</a>","<a id='cite-Lo2015'target='_blank'></a><a href='https://doi.org/10.1002/etc.3050'>Lo<i> et al.</i> (2015)</a>",NA
"<a href='Oncorhynchus_BaPy_14d_Lo2015.csv'target='_blank'>Oncorhynchus_BaPy_14d_Lo2015.csv</a>","<i>Oncorhynchus</i>","fish","BaPy","14 days","food","29 (3)","0.0452 </br> [0.0231 - 0.0876]","<a href='Oncorhynchus_BaPy_14d_Lo2015.pdf' target='_blank'>Link</a>","<a href='https://doi.org/10.1002/etc.3050'target='_blank'>Lo<i> et al.</i> (2015)</a>",NA
"<a href='Oncorhynchus_chrysene_14d_Lo2015.csv'target='_blank'>Oncorhynchus_chrysene_14d_Lo2015.csv</a>","<i>Oncorhynchus</i>","fish","chrysene","14 days","food","25 (4)","0.0124 </br> [0.0102 - 0.0148]","<a href='Oncorhynchus_chrysene_14d_Lo2015.pdf' target='_blank'>Link</a>","<a href='https://doi.org/10.1002/etc.3050'target='_blank'>Lo<i> et al.</i> (2015)</a>",NA
"<a href='Oncorhynchus_hexachlorobenzene_14d_Lo2015.csv'target='_blank'>Oncorhynchus_hexachlorobenzene_14d_Lo2015.csv</a>","<i>Oncorhynchus</i>","fish","hexachlorobenzene","14 days","food","29 (5)","2 </br> [1 - 17]","<a href='Oncorhynchus_hexachlorobenzene_14d_Lo2015.pdf' target='_blank'>Link</a>","<a href='https://doi.org/10.1002/etc.3050'target='_blank'>Lo<i> et al.</i> (2015)</a>",NA
"<a href='Oncorhynchus_hexachlorocyclohexane_14d_Lo2015.csv'target='_blank'>Oncorhynchus_hexachlorocyclohexane_14d_Lo2015.csv</a>","<i>Oncorhynchus</i>","fish","hexachlorocyclohexane","14 days","food","25 (5)","0 </br> [0 - 4]","<a href='Oncorhynchus_hexachlorocyclohexane_14d_Lo2015.pdf' target='_blank'>Link</a>","<a href='https://doi.org/10.1002/etc.3050'target='_blank'>Lo<i> et al.</i> (2015)</a>",NA
"<a href='Oncorhynchus_hexylcyclohexane_14d_Lo2015.csv'target='_blank'>Oncorhynchus_hexylcyclohexane_14d_Lo2015.csv</a>","<i>Oncorhynchus</i>","fish","hexylcyclohexane","14 days","food","32 (5)","0.0151 </br> [7.9e-03 - 0.0347]","<a href='Oncorhynchus_hexylcyclohexane_14d_Lo2015.pdf' target='_blank'>Link</a>","<a href='https://doi.org/10.1002/etc.3050'target='_blank'>Lo<i> et al.</i> (2015)</a>",NA
"<a href='Oncorhynchus_methylanthracene_14d_Lo2015.csv'target='_blank'>Oncorhynchus_methylanthracene_14d_Lo2015.csv</a>","<i>Oncorhynchus</i>","fish","methylanthracene","14 days","food","24 (4)","5.1e-03 </br> [4.2e-03 - 6.6e-03]","<a href='Oncorhynchus_methylanthracene_14d_Lo2015.pdf' target='_blank'>Link</a>","<a href='https://doi.org/10.1002/etc.3050'target='_blank'>Lo<i> et al.</i> (2015)</a>",NA
"<a href='Oncorhynchus_pcb153_14d_Lo2015.csv'target='_blank'>Oncorhynchus_pcb153_14d_Lo2015.csv</a>","<i>Oncorhynchus</i>","fish","pcb153","14 days","food","34 (5)","6 </br> [1 - 87]","<a href='Oncorhynchus_pcb153_14d_Lo2015.pdf' target='_blank'>Link</a>","<a href='https://doi.org/10.1002/etc.3050'target='_blank'>Lo<i> et al.</i> (2015)</a>",NA
"<a href='Oncorhynchus_pcb155_14d_Lo2015.csv'target='_blank'>Oncorhynchus_pcb155_14d_Lo2015.csv</a>","<i>Oncorhynchus</i>","fish","pcb155","14 days","food","32 (5)","8 </br> [1 - 109]","<a href='Oncorhynchus_pcb155_14d_Lo2015.pdf' target='_blank'>Link</a>","<a href='https://doi.org/10.1002/etc.3050'target='_blank'>Lo<i> et al.</i> (2015)</a>",NA
"<a href='Oncorhynchus_pcb209_14d_Lo2015.csv'target='_blank'>Oncorhynchus_pcb209_14d_Lo2015.csv</a>","<i>Oncorhynchus</i>","fish","pcb209","14 days","food","34 (5)","9 </br> [1 - 117]","<a href='Oncorhynchus_pcb209_14d_Lo2015.pdf' target='_blank'>Link</a>","<a href='https://doi.org/10.1002/etc.3050'target='_blank'>Lo<i> et al.</i> (2015)</a>",NA
"<a href='Oncorhynchus_pcb52_14d_Lo2015.csv'target='_blank'>Oncorhynchus_pcb52_14d_Lo2015.csv</a>","<i>Oncorhynchus</i>","fish","pcb52","14 days","food","31 (5)","4 </br> [1 - 63]","<a href='Oncorhynchus_pcb52_14d_Lo2015.pdf' target='_blank'>Link</a>","<a href='https://doi.org/10.1002/etc.3050'target='_blank'>Lo<i> et al.</i> (2015)</a>",NA
"<a href='Oncorhynchus_pentachlorobenzene_14d_Lo2015.csv'target='_blank'>Oncorhynchus_pentachlorobenzene_14d_Lo2015.csv</a>","<i>Oncorhynchus</i>","fish","pentachlorobenzene","14 days","food","30 (4)","0.2104 </br> [0.1213 - 0.4352]","<a href='Oncorhynchus_pentachlorobenzene_14d_Lo2015.pdf' target='_blank'>Link</a>","<a href='https://doi.org/10.1002/etc.3050'target='_blank'>Lo<i> et al.</i> (2015)</a>",NA
"<a href='Oncorhynchus_tetrachlorobenzene-benzene_14d_Lo2015.csv'target='_blank'>Oncorhynchus_tetrachlorobenzene-benzene_14d_Lo2015.csv</a>","<i>Oncorhynchus</i>","fish","tetrachlorobenzene-benzene","14 days","food","25 (4)","0.154 </br> [0.0843 - 0.4202]","<a href='Oncorhynchus_tetrachlorobenzene-benzene_14d_Lo2015.pdf' target='_blank'>Link</a>","<a href='https://doi.org/10.1002/etc.3050'target='_blank'>Lo<i> et al.</i> (2015)</a>",NA
"<a href='Oncorhynchus_tetramethyl-benzene_14d_Lo2015.csv'target='_blank'>Oncorhynchus_tetramethyl-benzene_14d_Lo2015.csv</a>","<i>Oncorhynchus</i>","fish","tetramethyl-benzene","14 days","food","24 (4)","7e-03 </br> [5.8e-03 - 9e-03]","<a href='Oncorhynchus_tetramethyl-benzene_14d_Lo2015.pdf' target='_blank'>Link</a>","<a href='https://doi.org/10.1002/etc.3050'target='_blank'>Lo<i> et al.</i> (2015)</a>",NA
"<a href='Oncorhynchus_trans-decalin_14d_Lo2015.csv'target='_blank'>Oncorhynchus_trans-decalin_14d_Lo2015.csv</a>","<i>Oncorhynchus</i>","fish","trans-decalin","14 days","food","32 (5)","0.0148 </br> [0.0103 - 0.0216]","<a href='Oncorhynchus_trans-decalin_14d_Lo2015.pdf' target='_blank'>Link</a>","<a href='https://doi.org/10.1002/etc.3050'target='_blank'>Lo<i> et al.</i> (2015)</a>",NA
"<a href='Oryzias_PE_14d_Liu2021.txt'target='_blank'>Oryzias_PE_14d_Liu2021.txt</a>","<i>Oryzias</i>","fish","PE","14 days","water","12 (1)","0.1489 </br> [0.1062 - 0.1868]","<a href='Oryzias_PE_14d_Liu2021.pdf' target='_blank'>Link</a>","<a id='cite-Liu2021'target='_blank'></a><a href='http://dx.doi.org/10.1016/j.ecoenv.2021.112007'>Liu<i> et al.</i> (2021)</a>",NA
"<a href='Physa_3-8nmAgNP_7d_Silva2020.csv'target='_blank'>Physa_3-8nmAgNP_7d_Silva2020.csv</a>","<i>Physa</i>","aquatic invertebrate","3-8nmAgNP","7 days","water","21 (3)","70 </br> [6 - 4054]","<a href='Physa_3-8nmAgNP_7d_Silva2020.pdf' target='_blank'>Link</a>","<a id='cite-Silva2020'target='_blank'></a><a href='http://dx.doi.org/10.1039/d0en00946f'>Silva<i> et al.</i> (2020)</a>",NA
"<a href='Physa_50nmAgNP_7d_Silva2020.csv'target='_blank'>Physa_50nmAgNP_7d_Silva2020.csv</a>","<i>Physa</i>","aquatic invertebrate","50nmAgNP","7 days","water","18 (3)","42 </br> [2 - 2152]","<a href='Physa_50nmAgNP_7d_Silva2020.pdf' target='_blank'>Link</a>","<a href='http://dx.doi.org/10.1039/d0en00946f'target='_blank'>Silva<i> et al.</i> (2020)</a>",NA
"<a href='Physa_60nmAgNP_7d_Silva2020.csv'target='_blank'>Physa_60nmAgNP_7d_Silva2020.csv</a>","<i>Physa</i>","aquatic invertebrate","60nmAgNP","7 days","water","22 (3)","129 </br> [10 - 7552]","<a href='Physa_60nmAgNP_7d_Silva2020.pdf' target='_blank'>Link</a>","<a href='http://dx.doi.org/10.1039/d0en00946f'target='_blank'>Silva<i> et al.</i> (2020)</a>",NA
"<a href='Physa_Ag2S-nP_7d_Silva2020.csv'target='_blank'>Physa_Ag2S-nP_7d_Silva2020.csv</a>","<i>Physa</i>","aquatic invertebrate","Ag2S-nP","7 days","water","23 (4)","5 </br> [3 - 7]","<a href='Physa_Ag2S-nP_7d_Silva2020.pdf' target='_blank'>Link</a>","<a href='http://dx.doi.org/10.1039/d0en00946f'target='_blank'>Silva<i> et al.</i> (2020)</a>",NA
"<a href='Physa_AGNO3_7d_Silva2020.csv'target='_blank'>Physa_AGNO3_7d_Silva2020.csv</a>","<i>Physa</i>","aquatic invertebrate","AGNO3","7 days","sediment","24 (3)","25262 </br> [0 - 1706990]","<a href='Physa_AGNO3_7d_Silva2020.pdf' target='_blank'>Link</a>","<a href='http://dx.doi.org/10.1039/d0en00946f'target='_blank'>Silva<i> et al.</i> (2020)</a>",NA
"<a href='Planorbarius_azinphos-methyl_12h_Cacciatore2018.txt'target='_blank'>Planorbarius_azinphos-methyl_12h_Cacciatore2018.txt</a>","<i>Planorbarius</i>","aquatic invertebrate","azinphos-methyl","12 hours","water","27 (4)","13 </br> [12 - 13]","<a href='Planorbarius_azinphos-methyl_12h_Cacciatore2018.pdf' target='_blank'>Link</a>","<a id='cite-Cacciatore2018'target='_blank'></a><a href='https://www.sciencedirect.com/science/article/pii/S0166445X1830345X'>Cacciatore<i> et al.</i> (2018)</a>",NA
"<a href='Planorbarius_AZM in mixture with carbaryl_12h_Cacciatore2018.txt'target='_blank'>Planorbarius_AZM in mixture with carbaryl_12h_Cacciatore2018.txt</a>","<i>Planorbarius</i>","aquatic invertebrate","AZM in mixture with carbaryl","12 hours","water","28 (4)","12 </br> [11 - 13]","<a href='Planorbarius_AZM-in-mixture-with-carbaryl_12h_Cacciatore2018.pdf' target='_blank'>Link</a>","<a href='https://www.sciencedirect.com/science/article/pii/S0166445X1830345X'target='_blank'>Cacciatore<i> et al.</i> (2018)</a>",NA
"<a href='Planorbarius_carbaryl in mixture with AZM_12h_Cacciatore2018.txt'target='_blank'>Planorbarius_carbaryl in mixture with AZM_12h_Cacciatore2018.txt</a>","<i>Planorbarius</i>","aquatic invertebrate","carbaryl in mixture with AZM","12 hours","water","27 (4)","4 </br> [4 - 4]","<a href='Planorbarius_carbaryl-in-mixture-with-AZM_12h_Cacciatore2018.pdf' target='_blank'>Link</a>","<a href='https://www.sciencedirect.com/science/article/pii/S0166445X1830345X'target='_blank'>Cacciatore<i> et al.</i> (2018)</a>",NA
"<a href='Planorbarius_carbaryl_12h_Cacciatore2018.txt'target='_blank'>Planorbarius_carbaryl_12h_Cacciatore2018.txt</a>","<i>Planorbarius</i>","aquatic invertebrate","carbaryl","12 hours","water","21 (3)","4 </br> [3 - 4]","<a href='Planorbarius_carbaryl_12h_Cacciatore2018.pdf' target='_blank'>Link</a>","<a href='https://www.sciencedirect.com/science/article/pii/S0166445X1830345X'target='_blank'>Cacciatore<i> et al.</i> (2018)</a>",NA
"<a href='Poecilus_Cd_90d_Skip2014.txt'target='_blank'>Poecilus_Cd_90d_Skip2014.txt</a>","<i>Poecilus</i>","insect","Cd","90 days","food","20 (1)","0.0351 </br> [0.0308 - 0.0392]","<a href='Poecilus_Cd_90d_Skip2014.pdf' target='_blank'>Link</a>","<a id='cite-Skip2014'target='_blank'></a><a href='http://dx.doi.org/10.1371/journal.pone.0108740'>Skip<i> et al.</i> (2014)</a>",NA
"<a href='Radix_BDE99 BDE47_9d_Ratier2019.csv'target='_blank'>Radix_BDE99 BDE47_9d_Ratier2019.csv</a>","<i>Radix</i>","aquatic invertebrate","BDE99 BDE47","9 days","sediment","10 (1)","100 </br> [2 - 2276]","<a href='Radix_BDE99 BDE47_9d_Ratier2019.pdf' target='_blank'>Link</a>","<a href='https://tel.archives-ouvertes.fr/tel-02612792'target='_blank'>Ratier (2019)</a>","biotransformation"
"<a href='Radix_cypermethrine_24h_Dalhoff2020.txt'target='_blank'>Radix_cypermethrine_24h_Dalhoff2020.txt</a>","<i>Radix</i>","aquatic invertebrate","cypermethrine","24 hours","water","16 (2)","902 </br> [766 - 1040]","<a href='Radix_cypermethrine_24h_Dalhoff2020.pdf' target='_blank'>Link</a>","<a href='http://dx.doi.org/10.1021/acs.est.0c00189'target='_blank'>Dalhoff<i> et al.</i> (2020)</a>",NA
"<a href='Radix_PCB153_9d_Ratier2019.txt'target='_blank'>Radix_PCB153_9d_Ratier2019.txt</a>","<i>Radix</i>","aquatic invertebrate","PCB153","9 days","sediment","10 (1)","111 </br> [4 - 1781]","<a href='Radix_PCB153_9d_Ratier2019.pdf' target='_blank'>Link</a>","<a href='https://tel.archives-ouvertes.fr/tel-02612792'target='_blank'>Ratier (2019)</a>",NA
"<a href='Snail_Mn_28d_Gimbert.txt'target='_blank'>Snail_Mn_28d_Gimbert.txt</a>","<i>Snail</i>","terrestrial invertebrate","Mn","28 days","sediment","32 (5)","0.2124 </br> [0.1788 - 0.2477]","<a href='Snail_Mn_28d_Gimbert.pdf' target='_blank'>Link</a>",NA,"3 tested concentrations"
"<a href='Solea_PCB105_90d_Eichinger2010.csv'target='_blank'>Solea_PCB105_90d_Eichinger2010.csv</a>","<i>Solea</i>","fish","PCB105","90 days","food","36 (3)","0.4912 </br> [0.4 - 0.6163]","<a href='Solea_PCB105_90d_Eichinger2010.pdf' target='_blank'>Link</a>","<a id='cite-Eichinger2010'target='_blank'></a><a href='https://doi.org/10.1016/j.seares.2010.05.005'>Eichinger<i> et al.</i> (2010)</a>",NA
"<a href='Solea_PCB153_90d_Eichinger2010.csv'target='_blank'>Solea_PCB153_90d_Eichinger2010.csv</a>","<i>Solea</i>","fish","PCB153","90 days","food","34 (3)","0.4993 </br> [0.3921 - 0.6722]","<a href='Solea_PCB153_90d_Eichinger2010.pdf' target='_blank'>Link</a>","<a href='https://doi.org/10.1016/j.seares.2010.05.005'target='_blank'>Eichinger<i> et al.</i> (2010)</a>",NA
"<a href='Tubifex_cypermethrine_24h_Dalhoff2020.txt'target='_blank'>Tubifex_cypermethrine_24h_Dalhoff2020.txt</a>","<i>Tubifex</i>","aquatic worm","cypermethrine","24 hours","water","16 (2)","77492 </br> [5384 - 1784701]","<a href='Tubifex_cypermethrine_24h_Dalhoff2020.pdf' target='_blank'>Link</a>","<a href='http://dx.doi.org/10.1021/acs.est.0c00189'target='_blank'>Dalhoff<i> et al.</i> (2020)</a>",NA
"<a href='Apostichopus_azithromycin_28d_Zhu2020.csv'target='_blank'>Apostichopus_azithromycin_28d_Zhu2020.csv</a>","<i>Apostichopus</i>","marine invertebrate","azithromycin","28 days","water","19 (1)","81 </br> [74 - 88]","<a href='Apostichopus_azithromycin_28d_Zhu2020.pdf' target='_blank'>Link</a>","<a href=' 
        https://doi.org/10.1021/acs.est.0c04421
    
'target='_blank'>Zhu<i> et al.</i> (2020)</a>",NA
"<a href='Apostichopus_clarithromycin_28d_Zhu2020.csv'target='_blank'>Apostichopus_clarithromycin_28d_Zhu2020.csv</a>","<i>Apostichopus</i>","marine invertebrate","clarithromycin","28 days","water","19 (1)","92 </br> [80 - 104]","<a href='Apostichopus_clarithromycin_28d_Zhu2020.pdf' target='_blank'>Link</a>","<a href=' 
        https://doi.org/10.1021/acs.est.0c04421
    
'target='_blank'>Zhu<i> et al.</i> (2020)</a>",NA
"<a href='Apostichopus_enrofloxacin_28d_Zhu2020.csv'target='_blank'>Apostichopus_enrofloxacin_28d_Zhu2020.csv</a>","<i>Apostichopus</i>","marine invertebrate","enrofloxacin","28 days","water","19 (1)","75 </br> [69 - 82]","<a href='Apostichopus_enrofloxacin_28d_Zhu2020.pdf' target='_blank'>Link</a>","<a href=' 
        https://doi.org/10.1021/acs.est.0c04421
    
'target='_blank'>Zhu<i> et al.</i> (2020)</a>",NA
"<a href='Apostichopus_ofloxacin_28d_Zhu2020.csv'target='_blank'>Apostichopus_ofloxacin_28d_Zhu2020.csv</a>","<i>Apostichopus</i>","marine invertebrate","ofloxacin","28 days","water","19 (1)","39 </br> [34 - 45]","<a href='Apostichopus_ofloxacin_28d_Zhu2020.pdf' target='_blank'>Link</a>","<a href=' 
        https://doi.org/10.1021/acs.est.0c04421
    
'target='_blank'>Zhu<i> et al.</i> (2020)</a>",NA
"<a href='Apostichopus_sulfadiazine_28d_Zhu2020.csv'target='_blank'>Apostichopus_sulfadiazine_28d_Zhu2020.csv</a>","<i>Apostichopus</i>","marine invertebrate","sulfadiazine","28 days","water","18 (1)","6 </br> [5 - 7]","<a href='Apostichopus_sulfadiazine_28d_Zhu2020.pdf' target='_blank'>Link</a>","<a href=' 
        https://doi.org/10.1021/acs.est.0c04421
    
'target='_blank'>Zhu<i> et al.</i> (2020)</a>",NA
"<a href='Apostichopus_trimethoprim_28d_Zhu2020.csv'target='_blank'>Apostichopus_trimethoprim_28d_Zhu2020.csv</a>","<i>Apostichopus</i>","marine invertebrate","trimethoprim","28 days","water","18 (1)","51 </br> [46 - 57]","<a href='Apostichopus_trimethoprim_28d_Zhu2020.pdf' target='_blank'>Link</a>","<a href=' 
        https://doi.org/10.1021/acs.est.0c04421
    
'target='_blank'>Zhu<i> et al.</i> (2020)</a>",NA
"<a href='Brachydanio_atrazine_1d_Gorge1990.csv'target='_blank'>Brachydanio_atrazine_1d_Gorge1990.csv</a>","<i>Brachydanio</i>","fish","atrazine","1 days","water","37 (1)","1 </br> [1 - 2]","<a href='Brachydanio_atrazine_1d_Gorge1990.pdf' target='_blank'>Link</a>","<a href='https://www.sciencedirect.com/science/article/pii/014765139090004O'target='_blank'>Gorge<i> et al.</i> (1990)</a>",NA
"<a href='Cloeon_imidacloprid_2.02d_Huang2021.csv'target='_blank'>Cloeon_imidacloprid_2.02d_Huang2021.csv</a>","<i>Cloeon</i>","insect","imidacloprid","2.02 days","water","33 (3)","6174 </br> [147 - 119522]","<a href='Cloeon_imidacloprid_2.02d_Huang2021.pdf' target='_blank'>Link</a>","<a href='https://www.sciencedirect.com/science/article/pii/S0166445X21000965'target='_blank'>Huang<i> et al.</i> (2021)</a>","biotransformation"
"<a href='Cyprinnodon_naphtalene_36d_Jonsson2004.csv'target='_blank'>Cyprinnodon_naphtalene_36d_Jonsson2004.csv</a>","<i>Cyprinnodon</i>","fish","naphtalene","36 days","water","14 (1)","7 </br> [4 - 4231]","<a href='Cyprinnodon_naphtalene_36d_Jonsson2004.pdf' target='_blank'>Link</a>","<a href='https://setac.onlinelibrary.wiley.com/doi/abs/10.1897/03-173'target='_blank'>Jonsson<i> et al.</i> (2004)</a>","biotransformation"
"<a href='Cyprinnodon_phenantrene_36d_Jonsson2004.csv'target='_blank'>Cyprinnodon_phenantrene_36d_Jonsson2004.csv</a>","<i>Cyprinnodon</i>","fish","phenantrene","36 days","water","13 (1)","526 </br> [17 - 378268]","<a href='Cyprinnodon_phenantrene_36d_Jonsson2004.pdf' target='_blank'>Link</a>","<a href='https://setac.onlinelibrary.wiley.com/doi/abs/10.1897/03-173'target='_blank'>Jonsson<i> et al.</i> (2004)</a>","biotransformation"
"<a href='Cyprinnodon_pyrene_36d_Jonsson2004.csv'target='_blank'>Cyprinnodon_pyrene_36d_Jonsson2004.csv</a>","<i>Cyprinnodon</i>","fish","pyrene","36 days","water","14 (1)","28 </br> [19 - 3636]","<a href='Cyprinnodon_pyrene_36d_Jonsson2004.pdf' target='_blank'>Link</a>","<a href='https://setac.onlinelibrary.wiley.com/doi/abs/10.1897/03-173'target='_blank'>Jonsson<i> et al.</i> (2004)</a>","biotransformation"
"<a href='Eisenia_C14_21d_Chen2017.csv'target='_blank'>Eisenia_C14_21d_Chen2017.csv</a>","<i>Eisenia</i>","aquatic worm","C14","21 days","sediment","6 (1)","20 </br> [4 - 827]","<a href='Eisenia_C14_21d_Chen2017.pdf' target='_blank'>Link</a>","<a href='http://dx.doi.org/10.1007/s10646-017-1769-4'target='_blank'>Chen<i> et al.</i> (2017)</a>",NA
"<a href='Gallus_alpha-HBCD_21d_Fournier2012_liver.csv'target='_blank'>Gallus_alpha-HBCD_21d_Fournier2012_liver.csv</a>","<i>Gallus</i>","vertebrate","alpha-HBCD","21 days","sediment","10 (1)","0.0212 </br> [0.001 - 0.1529]","<a href='Gallus_alpha-HBCD_21d_Fournier2012_liver.pdf' target='_blank'>Link</a>","<a href='https://doi.org/10.1007/s11356-011-0573-6'target='_blank'>Fournier<i> et al.</i> (2012)</a>","liver"
"<a href='Gallus_gamma-HBCD_21d_Fournier2012_liver.csv'target='_blank'>Gallus_gamma-HBCD_21d_Fournier2012_liver.csv</a>","<i>Gallus</i>","vertebrate","gamma-HBCD","21 days","sediment","10 (1)","0.0171 </br> [0.0148 - 0.019]","<a href='Gallus_gamma-HBCD_21d_Fournier2012_liver.pdf' target='_blank'>Link</a>","<a href='https://doi.org/10.1007/s11356-011-0573-6'target='_blank'>Fournier<i> et al.</i> (2012)</a>","liver"
"<a href='Gallus_HBCD_21d_Fournier2012_liver.csv'target='_blank'>Gallus_HBCD_21d_Fournier2012_liver.csv</a>","<i>Gallus</i>","vertebrate","HBCD","21 days","sediment","10 (1)","2 </br> [0 - 161]","<a href='Gallus_HBCD_21d_Fournier2012_liver.pdf' target='_blank'>Link</a>","<a href='https://doi.org/10.1007/s11356-011-0573-6'target='_blank'>Fournier<i> et al.</i> (2012)</a>","liver, biotransformation"
"<a href='Gallus_PFOS_102d_Tarazona2015.csv'target='_blank'>Gallus_PFOS_102d_Tarazona2015.csv</a>","<i>Gallus</i>","vertebrate","PFOS","102 days","food","25 (1)","743 </br> [580 - 1014]","<a href='Gallus_PFOS_102d_Tarazona2015.pdf' target='_blank'>Link</a>","<a href='https://www.sciencedirect.com/science/article/pii/S037842741401474X'target='_blank'>Tarazona<i> et al.</i> (2015)</a>",NA
"<a href='Gammarus_azoxistrobine_1d_Rosch2017.txt'target='_blank'>Gammarus_azoxistrobine_1d_Rosch2017.txt</a>","<i>Gammarus</i>","aquatic invertebrate","azoxistrobine","1 days","water","38 (2)","4524 </br> [1662 - 8993041]","<a href='Gammarus_azoxistrobine_1d_Rosch2017.pdf' target='_blank'>Link</a>","<a href='https://doi.org/10.1021/acs.est.7b03088'target='_blank'>Rosch<i> et al.</i> (2017)</a>","biotransformation"
"<a href='Gammarus_epoxiconazole_1d_Rosch2016.txt'target='_blank'>Gammarus_epoxiconazole_1d_Rosch2016.txt</a>","<i>Gammarus</i>","aquatic invertebrate","epoxiconazole","1 days","water","34 (3)","85 </br> [74 - 91]","<a href='Gammarus_epoxiconazole_1d_Rosch2016.pdf' target='_blank'>Link</a>","<a href='https://doi.org/10.1021/acs.est.6b01301'target='_blank'>Rosch<i> et al.</i> (2016)</a>","biotransformation"
"<a href='Gammarus_imidachloprid_168h_Svara2021_H2-site.txt'target='_blank'>Gammarus_imidachloprid_168h_Svara2021_H2-site.txt</a>","<i>Gammarus</i>","aquatic invertebrate","imidachloprid","168 hours","water","16 (1)","9 </br> [8 - 11]","<a href='Gammarus_imidachloprid_168h_Svara2021_H2-site.pdf' target='_blank'>Link</a>","<a href='https://doi.org/10.1021/acs.est.0c07839'target='_blank'>Svara<i> et al.</i> (2021)</a>","H2 site"
"<a href='Gammarus_imidachloprid_168h_Svara2021_H6-site.txt'target='_blank'>Gammarus_imidachloprid_168h_Svara2021_H6-site.txt</a>","<i>Gammarus</i>","aquatic invertebrate","imidachloprid","168 hours","water","16 (1)","9 </br> [7 - 11]","<a href='Gammarus_imidachloprid_168h_Svara2021_H6-site.pdf' target='_blank'>Link</a>","<a href='https://doi.org/10.1021/acs.est.0c07839'target='_blank'>Svara<i> et al.</i> (2021)</a>","H6 site"
"<a href='Gammarus_imidacloprid_14d_Nyman2013.csv'target='_blank'>Gammarus_imidacloprid_14d_Nyman2013.csv</a>","<i>Gammarus</i>","aquatic invertebrate","imidacloprid","14 days","water","13 (10)","6 </br> [5 - 7]","<a href='Gammarus_imidacloprid_14d_Nyman2013.pdf' target='_blank'>Link</a>","<a href='https://doi.org/10.1371/journal.pone.0062472'target='_blank'>Nyman<i> et al.</i> (2013)</a>",NA
"<a href='Gammarus_imidacloprid_2.02d_Huang2021.csv'target='_blank'>Gammarus_imidacloprid_2.02d_Huang2021.csv</a>","<i>Gammarus</i>","aquatic invertebrate","imidacloprid","2.02 days","water","33 (3)","61 </br> [44 - 97]","<a href='Gammarus_imidacloprid_2.02d_Huang2021.pdf' target='_blank'>Link</a>","<a href='https://www.sciencedirect.com/science/article/pii/S0166445X21000965'target='_blank'>Huang<i> et al.</i> (2021)</a>","biotransformation"
"<a href='Gammarus_prochloraz_1d_Rosch2017.txt'target='_blank'>Gammarus_prochloraz_1d_Rosch2017.txt</a>","<i>Gammarus</i>","aquatic invertebrate","prochloraz","1 days","water","30 (2)","111 </br> [104 - 118]","<a href='Gammarus_prochloraz_1d_Rosch2017.pdf' target='_blank'>Link</a>","<a href='https://doi.org/10.1021/acs.est.7b03088'target='_blank'>Rosch<i> et al.</i> (2017)</a>",NA
"<a href='Gammarus_propiconazole_24h_Nyman2012.csv'target='_blank'>Gammarus_propiconazole_24h_Nyman2012.csv</a>","<i>Gammarus</i>","aquatic invertebrate","propiconazole","24 hours","water","7 (3)","14 </br> [12 - 17]","<a href='Gammarus_propiconazole_24h_Nyman2012.pdf' target='_blank'>Link</a>","<a href='https://doi.org/10.1007/s10646-012-0917-0'target='_blank'>Nyman<i> et al.</i> (2012)</a>","2 tested concentrations"
"<a href='Gammarus_pyrene_7d_Carrasco-Navarro2015.csv'target='_blank'>Gammarus_pyrene_7d_Carrasco-Navarro2015.csv</a>","<i>Gammarus</i>","aquatic invertebrate","pyrene","7 days","water","28 (4)","157166 </br> [1719 - 9280570]","<a href='Gammarus_pyrene_7d_Carrasco-Navarro2015.pdf' target='_blank'>Link</a>","<a href='https://www.sciencedirect.com/science/article/pii/S0141113615300313'target='_blank'>Carrasco-Navarro<i> et al.</i> (2015)</a>","biotransformation"
"<a href='Lumbriculus_atrazine_240d_Jantunen2008.csv'target='_blank'>Lumbriculus_atrazine_240d_Jantunen2008.csv</a>","<i>Lumbriculus</i>","aquatic worm","atrazine","240 days","sediment","16 (3)","0.031 </br> [0.0219 - 0.0498]","<a href='Lumbriculus_atrazine_240d_Jantunen2008.pdf' target='_blank'>Link</a>","<a href='https://www.sciencedirect.com/science/article/pii/S0147651308000201'target='_blank'>Jantunen<i> et al.</i> (2008)</a>","4 tested concentrations"
"<a href='Lumbriculus_chlorpyrifos_240d_Jantunen2008.csv'target='_blank'>Lumbriculus_chlorpyrifos_240d_Jantunen2008.csv</a>","<i>Lumbriculus</i>","aquatic worm","chlorpyrifos","240 days","sediment","18 (3)","2 </br> [1 - 15]","<a href='Lumbriculus_chlorpyrifos_240d_Jantunen2008.pdf' target='_blank'>Link</a>","<a href='https://www.sciencedirect.com/science/article/pii/S0147651308000201'target='_blank'>Jantunen<i> et al.</i> (2008)</a>","4 tested concentrations"
"<a href='Metaphire_C14_21d_Chen2017.csv'target='_blank'>Metaphire_C14_21d_Chen2017.csv</a>","<i>Metaphire</i>","aquatic worm","C14","21 days","sediment","6 (1)","18 </br> [13 - 29]","<a href='Metaphire_C14_21d_Chen2017.pdf' target='_blank'>Link</a>","<a href='http://dx.doi.org/10.1007/s10646-017-1769-4'target='_blank'>Chen<i> et al.</i> (2017)</a>",NA
"<a href='Mytilus_8-2-diPAP_72h_Cui2021.csv'target='_blank'>Mytilus_8-2-diPAP_72h_Cui2021.csv</a>","<i>Mytilus</i>","aquatic invertebrate","8-2-diPAP","72 hours","water","18 (1)","838 </br> [575 - 1147]","<a href='Mytilus_8-2-diPAP_72h_Cui2021.pdf' target='_blank'>Link</a>","<a href='https://doi.org/10.1002/etc.5060'target='_blank'>Cui<i> et al.</i> (2021)</a>",NA
"<a href='Oryzias_diSPAP_10d_Peng2013.csv'target='_blank'>Oryzias_diSPAP_10d_Peng2013.csv</a>","<i>Oryzias</i>","fish","diSPAP","10 days","water","10 (1)","40 </br> [0 - 14261]","<a href='Oryzias_diSPAP_10d_Peng2013.pdf' target='_blank'>Link</a>","<a href=' 
        https://doi.org/10.1021/es404867w
    
'target='_blank'>Peng<i> et al.</i> (2014)</a>","biotransformation"
"<a href='Potamocorbula_Cd_72h_Zhong2020.csv'target='_blank'>Potamocorbula_Cd_72h_Zhong2020.csv</a>","<i>Potamocorbula</i>","marine invertebrate","Cd","72 hours","water","12 (7)","0 </br> [0 - 3]","<a href='Potamocorbula_Cd_72h_Zhong2020.pdf' target='_blank'>Link</a>","<a href=' 
        https://doi.org/10.1021/acs.est.0c06644
    
'target='_blank'>Zhong<i> et al.</i> (2020)</a>","7 tested concentrations"
"<a href='Salmo_1,2-DCB_119d_Oliver1983.csv'target='_blank'>Salmo_1,2-DCB_119d_Oliver1983.csv</a>","<i>Salmo</i>","fish","1,2-DCB","119 days","water","5 (2)","0.2591 </br> [0.2075 - 0.3035]","<a href='Salmo_1,2-DCB_119d_Oliver1983.pdf' target='_blank'>Link</a>","<a href=' 
        https://doi.org/10.1021/es00111a009
    
'target='_blank'>Oliver<i> et al.</i> (1983)</a>","2 tested concentrations"
"<a href='Salmo_1,2,3-TCB_119d_Oliver1983.csv'target='_blank'>Salmo_1,2,3-TCB_119d_Oliver1983.csv</a>","<i>Salmo</i>","fish","1,2,3-TCB","119 days","water","5 (2)","1 </br> [1 - 1]","<a href='Salmo_1,2,3-TCB_119d_Oliver1983.pdf' target='_blank'>Link</a>","<a href=' 
        https://doi.org/10.1021/es00111a009
    
'target='_blank'>Oliver<i> et al.</i> (1983)</a>","2 tested concentrations"
"<a href='Salmo_1,2,3,4-TeCB_119d_Oliver1983.csv'target='_blank'>Salmo_1,2,3,4-TeCB_119d_Oliver1983.csv</a>","<i>Salmo</i>","fish","1,2,3,4-TeCB","119 days","water","5 (2)","5 </br> [3 - 7]","<a href='Salmo_1,2,3,4-TeCB_119d_Oliver1983.pdf' target='_blank'>Link</a>","<a href=' 
        https://doi.org/10.1021/es00111a009
    
'target='_blank'>Oliver<i> et al.</i> (1983)</a>","2 tested concentrations"
"<a href='Salmo_1,2,4-TCB_199d_Oliver1983.csv'target='_blank'>Salmo_1,2,4-TCB_199d_Oliver1983.csv</a>","<i>Salmo</i>","fish","1,2,4-TCB","199 days","water","4 (2)","1 </br> [0 - 3]","<a href='Salmo_1,2,4-TCB_199d_Oliver1983.pdf' target='_blank'>Link</a>","<a href=' 
        https://doi.org/10.1021/es00111a009
    
'target='_blank'>Oliver<i> et al.</i> (1983)</a>","2 tested concentrations"
"<a href='Salmo_1,2,4,5-TeCB_119d_Oliver1983.csv'target='_blank'>Salmo_1,2,4,5-TeCB_119d_Oliver1983.csv</a>","<i>Salmo</i>","fish","1,2,4,5-TeCB","119 days","water","5 (2)","6 </br> [4 - 9]","<a href='Salmo_1,2,4,5-TeCB_119d_Oliver1983.pdf' target='_blank'>Link</a>","<a href=' 
        https://doi.org/10.1021/es00111a009
    
'target='_blank'>Oliver<i> et al.</i> (1983)</a>","2 tested concentrations"
"<a href='Salmo_1,3-DCB_119d_Oliver1983.csv'target='_blank'>Salmo_1,3-DCB_119d_Oliver1983.csv</a>","<i>Salmo</i>","fish","1,3-DCB","119 days","water","5 (2)","0.4415 </br> [0.385 - 0.4903]","<a href='Salmo_1,3-DCB_119d_Oliver1983.pdf' target='_blank'>Link</a>","<a href=' 
        https://doi.org/10.1021/es00111a009
    
'target='_blank'>Oliver<i> et al.</i> (1983)</a>","2 tested concentrations"
"<a href='Salmo_1,3,5-TCB_119d_Oliver1983.csv'target='_blank'>Salmo_1,3,5-TCB_119d_Oliver1983.csv</a>","<i>Salmo</i>","fish","1,3,5-TCB","119 days","water","5 (2)","2 </br> [2 - 2]","<a href='Salmo_1,3,5-TCB_119d_Oliver1983.pdf' target='_blank'>Link</a>","<a href=' 
        https://doi.org/10.1021/es00111a009
    
'target='_blank'>Oliver<i> et al.</i> (1983)</a>","2 tested concentrations"
"<a href='Salmo_1,4-DCB_119d_Oliver1983.csv'target='_blank'>Salmo_1,4-DCB_119d_Oliver1983.csv</a>","<i>Salmo</i>","fish","1,4-DCB","119 days","water","5 (2)","0.3857 </br> [0.2675 - 0.4896]","<a href='Salmo_1,4-DCB_119d_Oliver1983.pdf' target='_blank'>Link</a>","<a href=' 
        https://doi.org/10.1021/es00111a009
    
'target='_blank'>Oliver<i> et al.</i> (1983)</a>","2 tested concentrations"
"<a href='Salmo_hCB_119d_Oliver1983.csv'target='_blank'>Salmo_hCB_119d_Oliver1983.csv</a>","<i>Salmo</i>","fish","hCB","119 days","water","5 (2)","116 </br> [5 - 2624]","<a href='Salmo_hCB_119d_Oliver1983.pdf' target='_blank'>Link</a>","<a href=' 
        https://doi.org/10.1021/es00111a009
    
'target='_blank'>Oliver<i> et al.</i> (1983)</a>","2 tested concentrations"
"<a href='Salmo_HCBD_119d_Oliver1983.csv'target='_blank'>Salmo_HCBD_119d_Oliver1983.csv</a>","<i>Salmo</i>","fish","HCBD","119 days","water","5 (2)","6 </br> [4 - 8]","<a href='Salmo_HCBD_119d_Oliver1983.pdf' target='_blank'>Link</a>","<a href=' 
        https://doi.org/10.1021/es00111a009
    
'target='_blank'>Oliver<i> et al.</i> (1983)</a>","2 tested concentrations"
"<a href='Salmo_HCE_119d_Oliver1983.csv'target='_blank'>Salmo_HCE_119d_Oliver1983.csv</a>","<i>Salmo</i>","fish","HCE","119 days","water","8 (2)","0.713 </br> [0.564 - 0.8628]","<a href='Salmo_HCE_119d_Oliver1983.pdf' target='_blank'>Link</a>","<a href=' 
        https://doi.org/10.1021/es00111a009
    
'target='_blank'>Oliver<i> et al.</i> (1983)</a>","2 tested concentrations"
"<a href='Salmo_QCB_119d_Oliver1983.csv'target='_blank'>Salmo_QCB_119d_Oliver1983.csv</a>","<i>Salmo</i>","fish","QCB","119 days","water","5 (2)","17 </br> [0 - 135]","<a href='Salmo_QCB_119d_Oliver1983.pdf' target='_blank'>Link</a>","<a href=' 
        https://doi.org/10.1021/es00111a009
    
'target='_blank'>Oliver<i> et al.</i> (1983)</a>","2 tested concentrations"
"<a href='Spirostomum_fluoxetine_6d_Natecz-Jawecki2020.txt'target='_blank'>Spirostomum_fluoxetine_6d_Natecz-Jawecki2020.txt</a>","<i>Spirostomum</i>","Heterotrichea","fluoxetine","6 days","water","14 (2)","6870 </br> [525 - 461623]","<a href='Spirostomum_fluoxetine_6d_Natecz-Jawecki2020.pdf' target='_blank'>Link</a>","<a href='https://www.mdpi.com/1420-3049/25/7/1476'target='_blank'>Nalecz-Jawecki<i> et al.</i> (2020)</a>","3 tested concentrations"
"<a href='Spirostomum_mianserin_6d_Natecz-Jawecki2020.txt'target='_blank'>Spirostomum_mianserin_6d_Natecz-Jawecki2020.txt</a>","<i>Spirostomum</i>","Heterotrichea","mianserin","6 days","water","14 (2)","3142 </br> [1991 - 4244]","<a href='Spirostomum_mianserin_6d_Natecz-Jawecki2020.pdf' target='_blank'>Link</a>","<a href='https://www.mdpi.com/1420-3049/25/7/1476'target='_blank'>Nalecz-Jawecki<i> et al.</i> (2020)</a>","3 tested concentrations"
"<a href='Spirostomum_paroxetine_6d_Natecz-Jawecki2020.txt'target='_blank'>Spirostomum_paroxetine_6d_Natecz-Jawecki2020.txt</a>","<i>Spirostomum</i>","Heterotrichea","paroxetine","6 days","water","14 (2)","189 </br> [1 - 553]","<a href='Spirostomum_paroxetine_6d_Natecz-Jawecki2020.pdf' target='_blank'>Link</a>","<a href='https://www.mdpi.com/1420-3049/25/7/1476'target='_blank'>Nalecz-Jawecki<i> et al.</i> (2020)</a>","3 tested concentrations"
"<a href='Spirostomum_sertraline_6d_Natecz-Jawecki2020.txt'target='_blank'>Spirostomum_sertraline_6d_Natecz-Jawecki2020.txt</a>","<i>Spirostomum</i>","Heterotrichea","sertraline","6 days","water","14 (2)","82875 </br> [6030 - 8203084]","<a href='Spirostomum_sertraline_6d_Natecz-Jawecki2020.pdf' target='_blank'>Link</a>","<a href='https://www.mdpi.com/1420-3049/25/7/1476'target='_blank'>Nalecz-Jawecki<i> et al.</i> (2020)</a>","3 tested concentrations"
"<a href='Tenebrio_Ag2S-NPs-226mg_21d_Khodaparast2021.csv'target='_blank'>Tenebrio_Ag2S-NPs-226mg_21d_Khodaparast2021.csv</a>","<i>Tenebrio</i>","insect","Ag2S-NPs-226mg","21 days","sediment","12 (1)","0.0938 </br> [0.0626 - 0.1231]","<a href='Tenebrio_Ag2S-NPs-226mg_21d_Khodaparast2021.pdf' target='_blank'>Link</a>","<a href='https://www.sciencedirect.com/science/article/pii/S0048969721011384'target='_blank'>Khodaparast<i> et al.</i> (2021)</a>",NA
"<a href='Tenebrio_Ag2S-NPs-22mg_21d_Khodaparast2021.csv'target='_blank'>Tenebrio_Ag2S-NPs-22mg_21d_Khodaparast2021.csv</a>","<i>Tenebrio</i>","insect","Ag2S-NPs-22mg","21 days","sediment","12 (1)","0.0157 </br> [0.0106 - 0.0204]","<a href='Tenebrio_Ag2S-NPs-22mg_21d_Khodaparast2021.pdf' target='_blank'>Link</a>","<a href='https://www.sciencedirect.com/science/article/pii/S0048969721011384'target='_blank'>Khodaparast<i> et al.</i> (2021)</a>",NA
"<a href='Tenebrio_Ag2S-NPs_21d_Khodaparast2021.csv'target='_blank'>Tenebrio_Ag2S-NPs_21d_Khodaparast2021.csv</a>","<i>Tenebrio</i>","insect","Ag2S-NPs","21 days","food","12 (1)","0.0881 </br> [0.0454 - 0.1273]","<a href='Tenebrio_Ag2S-NPs_21d_Khodaparast2021.pdf' target='_blank'>Link</a>","<a href='https://www.sciencedirect.com/science/article/pii/S0048969721011384'target='_blank'>Khodaparast<i> et al.</i> (2021)</a>",NA
"<a href='Tenebrio_AgNO3_21d_Khodaparast2021.csv'target='_blank'>Tenebrio_AgNO3_21d_Khodaparast2021.csv</a>","<i>Tenebrio</i>","insect","AgNO3","21 days","sediment","12 (1)","0.2597 </br> [0.0993 - 0.396]","<a href='Tenebrio_AgNO3_21d_Khodaparast2021.pdf' target='_blank'>Link</a>","<a href='https://www.sciencedirect.com/science/article/pii/S0048969721011384'target='_blank'>Khodaparast<i> et al.</i> (2021)</a>",NA
"<a href='Tenebrio_AgNO3_21d_Khodaparast2021_food.csv'target='_blank'>Tenebrio_AgNO3_21d_Khodaparast2021_food.csv</a>","<i>Tenebrio</i>","insect","AgNO3","21 days","food","12 (1)","0 </br> [0 - 5]","<a href='Tenebrio_AgNO3_21d_Khodaparast2021_food.pdf' target='_blank'>Link</a>","<a href='https://www.sciencedirect.com/science/article/pii/S0048969721011384'target='_blank'>Khodaparast<i> et al.</i> (2021)</a>",NA
"<a href='Tenebrio_AgNPs3-8nm_21d_Khodaparast2021.csv'target='_blank'>Tenebrio_AgNPs3-8nm_21d_Khodaparast2021.csv</a>","<i>Tenebrio</i>","insect","AgNPs3-8nm","21 days","sediment","12 (1)","0.2073 </br> [0.1256 - 0.2767]","<a href='Tenebrio_AgNPs3-8nm_21d_Khodaparast2021.pdf' target='_blank'>Link</a>","<a href='https://www.sciencedirect.com/science/article/pii/S0048969721011384'target='_blank'>Khodaparast<i> et al.</i> (2021)</a>",NA
"<a href='Tenebrio_AgNPs3-8nm_21d_Khodaparast2021_food.csv'target='_blank'>Tenebrio_AgNPs3-8nm_21d_Khodaparast2021_food.csv</a>","<i>Tenebrio</i>","insect","AgNPs3-8nm","21 days","food","12 (1)","0 </br> [0 - 11]","<a href='Tenebrio_AgNPs3-8nm_21d_Khodaparast2021_food.pdf' target='_blank'>Link</a>","<a href='https://www.sciencedirect.com/science/article/pii/S0048969721011384'target='_blank'>Khodaparast<i> et al.</i> (2021)</a>",NA
"<a href='Tenebrio_AgNPs50nm_21d_Khodaparast2021.csv'target='_blank'>Tenebrio_AgNPs50nm_21d_Khodaparast2021.csv</a>","<i>Tenebrio</i>","insect","AgNPs50nm","21 days","sediment","11 (1)","0 </br> [0 - 8]","<a href='Tenebrio_AgNPs50nm_21d_Khodaparast2021.pdf' target='_blank'>Link</a>","<a href='https://www.sciencedirect.com/science/article/pii/S0048969721011384'target='_blank'>Khodaparast<i> et al.</i> (2021)</a>",NA
"<a href='Tenebrio_AgNPs50nm_21d_Khodaparast2021_food.csv'target='_blank'>Tenebrio_AgNPs50nm_21d_Khodaparast2021_food.csv</a>","<i>Tenebrio</i>","insect","AgNPs50nm","21 days","food","12 (1)","0.0757 </br> [0.0386 - 0.1099]","<a href='Tenebrio_AgNPs50nm_21d_Khodaparast2021_food.pdf' target='_blank'>Link</a>","<a href='https://www.sciencedirect.com/science/article/pii/S0048969721011384'target='_blank'>Khodaparast<i> et al.</i> (2021)</a>",NA
"<a href='Tenebrio_AgNPs60nm_21d_Khodaparast2021.csv'target='_blank'>Tenebrio_AgNPs60nm_21d_Khodaparast2021.csv</a>","<i>Tenebrio</i>","insect","AgNPs60nm","21 days","sediment","11 (1)","0.2472 </br> [0.1304 - 0.3489]","<a href='Tenebrio_AgNPs60nm_21d_Khodaparast2021.pdf' target='_blank'>Link</a>","<a href='https://www.sciencedirect.com/science/article/pii/S0048969721011384'target='_blank'>Khodaparast<i> et al.</i> (2021)</a>",NA
"<a href='Tenebrio_AgNPs60nm_21d_Khodaparast2021_food.csv'target='_blank'>Tenebrio_AgNPs60nm_21d_Khodaparast2021_food.csv</a>","<i>Tenebrio</i>","insect","AgNPs60nm","21 days","food","12 (1)","0.1329 </br> [0 - 0.2429]","<a href='Tenebrio_AgNPs60nm_21d_Khodaparast2021_food.pdf' target='_blank'>Link</a>","<a href='https://www.sciencedirect.com/science/article/pii/S0048969721011384'target='_blank'>Khodaparast<i> et al.</i> (2021)</a>",NA
"<a href='Tigriopus_HBCD_96h_Shi2017.csv'target='_blank'>Tigriopus_HBCD_96h_Shi2017.csv</a>","<i>Tigriopus</i>","marine invertebrate","HBCD","96 hours","water","10 (1)","92978 </br> [79361 - 112386]","<a href='Tigriopus_HBCD_96h_Shi2017.pdf' target='_blank'>Link</a>","<a id='cite-Shi2017'target='_blank'></a><a href='https://www.sciencedirect.com/science/article/pii/S0045653516313728'>Shi<i> et al.</i> (2017)</a>",NA
"<a href='Danio_emodin_48h_Chen2017.txt'target='_blank'>Danio_emodin_48h_Chen2017.txt</a>","<i>Danio</i>","fish","emodin","48 hours","water","9 (2)","123 </br> [100 - 143]","<a href='Danio_emodin_48h_Chen2017.pdf' target='_blank'>Link</a>","<a id='cite-Chen2017'target='_blank'></a><a href='http://dx.doi.org/10.1007/s10646-017-1769-4'>Chen<i> et al.</i> (2017)</a>","2 tested concentrations"
"<a href='Enchytraeus_AgNP-Cit_10d_Topuz2015.txt'target='_blank'>Enchytraeus_AgNP-Cit_10d_Topuz2015.txt</a>","<i>Enchytraeus</i>","terrestrial worm","AgNP-Cit","10 days","water","5 (6)","18 </br> [0 - 250409]","<a href='Enchytraeus_AgNP-Cit_10d_Topuz2015.pdf' target='_blank'>Link</a>","<a id='cite-Topuz2015'target='_blank'></a><a href='https://setac.onlinelibrary.wiley.com/doi/abs/10.1002/etc.3123'>Topuz<i> et al.</i> (2015)</a>","6 tested concentrations"
"<a href='Enchytraeus_AgNP-PVP_10d_Topuz2015.txt'target='_blank'>Enchytraeus_AgNP-PVP_10d_Topuz2015.txt</a>","<i>Enchytraeus</i>","terrestrial worm","AgNP-PVP","10 days","water","5 (4)","56 </br> [0 - 523281]","<a href='Enchytraeus_AgNP-PVP_10d_Topuz2015.pdf' target='_blank'>Link</a>","<a href='https://setac.onlinelibrary.wiley.com/doi/abs/10.1002/etc.3123'target='_blank'>Topuz<i> et al.</i> (2015)</a>","4 tested concentrations"
"<a href='Metaphire_6-2-diPAP_21d_Zhu2021.txt'target='_blank'>Metaphire_6-2-diPAP_21d_Zhu2021.txt</a>","<i>Metaphire</i>","aquatic worm","6-2-diPAP","21 days","sediment","10 (1)","323 </br> [1 - 63154241]","<a href='Metaphire_6-2-diPAP_21d_Zhu2021.pdf' target='_blank'>Link</a>","<a id='cite-Zhu2021'target='_blank'></a><a href='https://www.sciencedirect.com/science/article/pii/S0160412021000763'>Zhu<i> et al.</i> (2021)</a>","biotransformation"
"<a href='Anax_chlorpyrifos_2.313d_Rubach2010.txt'target='_blank'>Anax_chlorpyrifos_2.313d_Rubach2010.txt</a>","<i>Anax</i>","aquatic invertebrate","chlorpyrifos","2.313 days","water","49 (5)","113 </br> [82 - 181]","<a href='Anax_chlorpyrifos_2.313d_Rubach2010.pdf' target='_blank'>Link</a>","<a id='cite-Rubach2010'target='_blank'></a><a href='https://setac.onlinelibrary.wiley.com/doi/abs/10.1002/etc.273'>Rubach<i> et al.</i> (2010)</a>",NA
"<a href='Assellus_chlorpyrifos_2.048d_Rubach2010.txt'target='_blank'>Assellus_chlorpyrifos_2.048d_Rubach2010.txt</a>","<i>Assellus</i>","aquatic invertebrate","chlorpyrifos","2.048 days","water","48 (5)","3273 </br> [2570 - 4558]","<a href='Assellus_chlorpyrifos_2.048d_Rubach2010.pdf' target='_blank'>Link</a>","<a href='https://setac.onlinelibrary.wiley.com/doi/abs/10.1002/etc.273'target='_blank'>Rubach<i> et al.</i> (2010)</a>",NA
"<a href='Chaoborus_chlorpyrifos_1.958d_Rubach2010.txt'target='_blank'>Chaoborus_chlorpyrifos_1.958d_Rubach2010.txt</a>","<i>Chaoborus</i>","aquatic invertebrate","chlorpyrifos","1.958 days","water","97 (5)","2859 </br> [2128 - 4508]","<a href='Chaoborus_chlorpyrifos_1.958d_Rubach2010.pdf' target='_blank'>Link</a>","<a href='https://setac.onlinelibrary.wiley.com/doi/abs/10.1002/etc.273'target='_blank'>Rubach<i> et al.</i> (2010)</a>",NA
"<a href='Cloeon_chlorpyrifos_2.031d_Rubach2010.txt'target='_blank'>Cloeon_chlorpyrifos_2.031d_Rubach2010.txt</a>","<i>Cloeon</i>","aquatic invertebrate","chlorpyrifos","2.031 days","water","98 (10)","1825 </br> [1464 - 2376]","<a href='Cloeon_chlorpyrifos_2.031d_Rubach2010.pdf' target='_blank'>Link</a>","<a href='https://setac.onlinelibrary.wiley.com/doi/abs/10.1002/etc.273'target='_blank'>Rubach<i> et al.</i> (2010)</a>",NA
"<a href='Culex_chlorpyrifos_2.396d_Rubach2010.txt'target='_blank'>Culex_chlorpyrifos_2.396d_Rubach2010.txt</a>","<i>Culex</i>","aquatic invertebrate","chlorpyrifos","2.396 days","water","49 (5)","270910 </br> [5565 - 21437990]","<a href='Culex_chlorpyrifos_2.396d_Rubach2010.pdf' target='_blank'>Link</a>","<a href='https://setac.onlinelibrary.wiley.com/doi/abs/10.1002/etc.273'target='_blank'>Rubach<i> et al.</i> (2010)</a>",NA
"<a href='Daphnia_chlorpyrifos_2.042d_Rubach2010.txt'target='_blank'>Daphnia_chlorpyrifos_2.042d_Rubach2010.txt</a>","<i>Daphnia</i>","aquatic invertebrate","chlorpyrifos","2.042 days","water","47 (5)","543 </br> [461 - 652]","<a href='Daphnia_chlorpyrifos_2.042d_Rubach2010.pdf' target='_blank'>Link</a>","<a href='https://setac.onlinelibrary.wiley.com/doi/abs/10.1002/etc.273'target='_blank'>Rubach<i> et al.</i> (2010)</a>",NA
"<a href='Gammarus_chlorpyrifos_2.041d_Rubach2010_juveniles.txt'target='_blank'>Gammarus_chlorpyrifos_2.041d_Rubach2010_juveniles.txt</a>","<i>Gammarus</i>","aquatic invertebrate","chlorpyrifos","2.041 days","water","48 (5)","3886 </br> [2159 - 1072296]","<a href='Gammarus_chlorpyrifos_2.041d_Rubach2010_juveniles.pdf' target='_blank'>Link</a>","<a href='https://setac.onlinelibrary.wiley.com/doi/abs/10.1002/etc.273'target='_blank'>Rubach<i> et al.</i> (2010)</a>","juveniles"
"<a href='Gammarus_chlorpyrifos_2.048d_Rubach2010_adults.txt'target='_blank'>Gammarus_chlorpyrifos_2.048d_Rubach2010_adults.txt</a>","<i>Gammarus</i>","aquatic invertebrate","chlorpyrifos","2.048 days","water","49 (5)","2459 </br> [1931 - 3322]","<a href='Gammarus_chlorpyrifos_2.048d_Rubach2010_adults.pdf' target='_blank'>Link</a>","<a href='https://setac.onlinelibrary.wiley.com/doi/abs/10.1002/etc.273'target='_blank'>Rubach<i> et al.</i> (2010)</a>","adults"
"<a href='Molanna_chlorpyrifos_2.021d_Rubach2010.txt'target='_blank'>Molanna_chlorpyrifos_2.021d_Rubach2010.txt</a>","<i>Molanna</i>","aquatic invertebrate","chlorpyrifos","2.021 days","water","50 (5)","7294 </br> [4917 - 17538]","<a href='Molanna_chlorpyrifos_2.021d_Rubach2010.pdf' target='_blank'>Link</a>","<a href='https://setac.onlinelibrary.wiley.com/doi/abs/10.1002/etc.273'target='_blank'>Rubach<i> et al.</i> (2010)</a>",NA
"<a href='Neocaridina_chlorpyrifos_2.021d_Rubach2010.txt'target='_blank'>Neocaridina_chlorpyrifos_2.021d_Rubach2010.txt</a>","<i>Neocaridina</i>","aquatic invertebrate","chlorpyrifos","2.021 days","water","49 (5)","1982 </br> [1349 - 3880]","<a href='Neocaridina_chlorpyrifos_2.021d_Rubach2010.pdf' target='_blank'>Link</a>","<a href='https://setac.onlinelibrary.wiley.com/doi/abs/10.1002/etc.273'target='_blank'>Rubach<i> et al.</i> (2010)</a>",NA
"<a href='Notonecta_chlorpyrifos_2.052d_Rubach2010.txt'target='_blank'>Notonecta_chlorpyrifos_2.052d_Rubach2010.txt</a>","<i>Notonecta</i>","aquatic invertebrate","chlorpyrifos","2.052 days","water","50 (5)","443 </br> [362 - 571]","<a href='Notonecta_chlorpyrifos_2.052d_Rubach2010.pdf' target='_blank'>Link</a>","<a href='https://setac.onlinelibrary.wiley.com/doi/abs/10.1002/etc.273'target='_blank'>Rubach<i> et al.</i> (2010)</a>",NA
"<a href='Parapoynx_chlorpyrifos_2.063d_Rubach2010.txt'target='_blank'>Parapoynx_chlorpyrifos_2.063d_Rubach2010.txt</a>","<i>Parapoynx</i>","aquatic invertebrate","chlorpyrifos","2.063 days","water","50 (5)","2110 </br> [1534 - 3624]","<a href='Parapoynx_chlorpyrifos_2.063d_Rubach2010.pdf' target='_blank'>Link</a>","<a href='https://setac.onlinelibrary.wiley.com/doi/abs/10.1002/etc.273'target='_blank'>Rubach<i> et al.</i> (2010)</a>",NA
"<a href='Plea_chlorpyrifos_2.073d_Rubach2010.txt'target='_blank'>Plea_chlorpyrifos_2.073d_Rubach2010.txt</a>","<i>Plea</i>","aquatic invertebrate","chlorpyrifos","2.073 days","water","45 (5)","716 </br> [474 - 2120]","<a href='Plea_chlorpyrifos_2.073d_Rubach2010.pdf' target='_blank'>Link</a>","<a href='https://setac.onlinelibrary.wiley.com/doi/abs/10.1002/etc.273'target='_blank'>Rubach<i> et al.</i> (2010)</a>",NA
"<a href='Procambarus_chlorpyrifos_1.999d_Rubach2010_juveniles.txt'target='_blank'>Procambarus_chlorpyrifos_1.999d_Rubach2010_juveniles.txt</a>","<i>Procambarus</i>","aquatic invertebrate","chlorpyrifos","1.999 days","water","47 (5)","7632 </br> [931 - 9526021]","<a href='Procambarus_chlorpyrifos_1.999d_Rubach2010_juveniles.pdf' target='_blank'>Link</a>","<a href='https://setac.onlinelibrary.wiley.com/doi/abs/10.1002/etc.273'target='_blank'>Rubach<i> et al.</i> (2010)</a>","juveniles"
"<a href='Procambarus_chlorpyrifos_2.021d_Rubach2010_adult.txt'target='_blank'>Procambarus_chlorpyrifos_2.021d_Rubach2010_adult.txt</a>","<i>Procambarus</i>","aquatic invertebrate","chlorpyrifos","2.021 days","water","48 (5)","5874 </br> [268 - 1529247]","<a href='Procambarus_chlorpyrifos_2.021d_Rubach2010_adult.pdf' target='_blank'>Link</a>","<a href='https://setac.onlinelibrary.wiley.com/doi/abs/10.1002/etc.273'target='_blank'>Rubach<i> et al.</i> (2010)</a>","adult"
"<a href='Rantra_chlorpyrifos_1.977d_Rubach2010.txt'target='_blank'>Rantra_chlorpyrifos_1.977d_Rubach2010.txt</a>","<i>Rantra</i>","aquatic invertebrate","chlorpyrifos","1.977 days","water","49 (5)","925 </br> [288 - 1937369]","<a href='Rantra_chlorpyrifos_1.977d_Rubach2010.pdf' target='_blank'>Link</a>","<a href='https://setac.onlinelibrary.wiley.com/doi/abs/10.1002/etc.273'target='_blank'>Rubach<i> et al.</i> (2010)</a>",NA
"<a href='Sialis_chlorpyrifos_2.094d_Rubach2010.txt'target='_blank'>Sialis_chlorpyrifos_2.094d_Rubach2010.txt</a>","<i>Sialis</i>","aquatic invertebrate","chlorpyrifos","2.094 days","water","39 (5)","335606 </br> [6355 - 16281251]","<a href='Sialis_chlorpyrifos_2.094d_Rubach2010.pdf' target='_blank'>Link</a>","<a href='https://setac.onlinelibrary.wiley.com/doi/abs/10.1002/etc.273'target='_blank'>Rubach<i> et al.</i> (2010)</a>",NA
"<a href='Daphnia_anthracene_24h_Wang2021_body-without-gut-food.txt'target='_blank'>Daphnia_anthracene_24h_Wang2021_body-without-gut-food.txt</a>","<i>Daphnia</i>","aquatic invertebrate","anthracene","24 hours","food","26 (3)","0.0114 </br> [0.0104 - 0.0124]","<a href='Daphnia_anthracene_24h_Wang2021_body-without-gut-food.pdf' target='_blank'>Link</a>","<a id='cite-Wang2021'target='_blank'></a><a href=' 
        https://doi.org/10.1021/acs.est.0c06970
    
'>Wang<i> et al.</i> (2021)</a>","body without gut"
"<a href='Daphnia_anthracene_24h_Wang2021_body-without-gut.txt'target='_blank'>Daphnia_anthracene_24h_Wang2021_body-without-gut.txt</a>","<i>Daphnia</i>","aquatic invertebrate","anthracene","24 hours","water","23 (3)","635 </br> [558 - 708]","<a href='Daphnia_anthracene_24h_Wang2021_body-without-gut.pdf' target='_blank'>Link</a>","<a href=' 
        https://doi.org/10.1021/acs.est.0c06970
    
'target='_blank'>Wang<i> et al.</i> (2021)</a>","body without gut"
"<a href='Daphnia_anthracene_24h_Wang2021_gut-food.txt'target='_blank'>Daphnia_anthracene_24h_Wang2021_gut-food.txt</a>","<i>Daphnia</i>","aquatic invertebrate","anthracene","24 hours","food","25 (3)","0.0412 </br> [0.0357 - 0.0462]","<a href='Daphnia_anthracene_24h_Wang2021_gut-food.pdf' target='_blank'>Link</a>","<a href=' 
        https://doi.org/10.1021/acs.est.0c06970
    
'target='_blank'>Wang<i> et al.</i> (2021)</a>","gut"
"<a href='Daphnia_anthracene_24h_Wang2021_gut.txt'target='_blank'>Daphnia_anthracene_24h_Wang2021_gut.txt</a>","<i>Daphnia</i>","aquatic invertebrate","anthracene","24 hours","water","24 (3)","2237 </br> [1984 - 2485]","<a href='Daphnia_anthracene_24h_Wang2021_gut.pdf' target='_blank'>Link</a>","<a href=' 
        https://doi.org/10.1021/acs.est.0c06970
    
'target='_blank'>Wang<i> et al.</i> (2021)</a>","gut"
"<a href='Daphnia_fluoranthene_24h_Wang2021_body-without-gut-food.txt'target='_blank'>Daphnia_fluoranthene_24h_Wang2021_body-without-gut-food.txt</a>","<i>Daphnia</i>","aquatic invertebrate","fluoranthene","24 hours","food","26 (3)","0.0069 </br> [0.0062 - 0.0077]","<a href='Daphnia_fluoranthene_24h_Wang2021_body-without-gut-food.pdf' target='_blank'>Link</a>","<a href=' 
        https://doi.org/10.1021/acs.est.0c06970
    
'target='_blank'>Wang<i> et al.</i> (2021)</a>","body without gut"
"<a href='Daphnia_fluoranthene_24h_Wang2021_body-without-gut.txt'target='_blank'>Daphnia_fluoranthene_24h_Wang2021_body-without-gut.txt</a>","<i>Daphnia</i>","aquatic invertebrate","fluoranthene","24 hours","water","22 (3)","248 </br> [212 - 283]","<a href='Daphnia_fluoranthene_24h_Wang2021_body-without-gut.pdf' target='_blank'>Link</a>","<a href=' 
        https://doi.org/10.1021/acs.est.0c06970
    
'target='_blank'>Wang<i> et al.</i> (2021)</a>","body without gut"
"<a href='Daphnia_fluoranthene_24h_Wang2021_gut-food.txt'target='_blank'>Daphnia_fluoranthene_24h_Wang2021_gut-food.txt</a>","<i>Daphnia</i>","aquatic invertebrate","fluoranthene","24 hours","food","24 (3)","0.0443 </br> [0.0407 - 0.0478]","<a href='Daphnia_fluoranthene_24h_Wang2021_gut-food.pdf' target='_blank'>Link</a>","<a href=' 
        https://doi.org/10.1021/acs.est.0c06970
    
'target='_blank'>Wang<i> et al.</i> (2021)</a>","gut"
"<a href='Daphnia_fluoranthene_24h_Wang2021_gut.txt'target='_blank'>Daphnia_fluoranthene_24h_Wang2021_gut.txt</a>","<i>Daphnia</i>","aquatic invertebrate","fluoranthene","24 hours","water","19 (3)","1215 </br> [1050 - 1376]","<a href='Daphnia_fluoranthene_24h_Wang2021_gut.pdf' target='_blank'>Link</a>","<a href=' 
        https://doi.org/10.1021/acs.est.0c06970
    
'target='_blank'>Wang<i> et al.</i> (2021)</a>","gut"
"<a href='Daphnia_phenanthrene_24h_Wang2021_body-without-gut-food.txt'target='_blank'>Daphnia_phenanthrene_24h_Wang2021_body-without-gut-food.txt</a>","<i>Daphnia</i>","aquatic invertebrate","phenanthrene","24 hours","food","27 (3)","0.0097 </br> [0.009 - 0.0104]","<a href='Daphnia_phenanthrene_24h_Wang2021_body-without-gut-food.pdf' target='_blank'>Link</a>","<a href=' 
        https://doi.org/10.1021/acs.est.0c06970
    
'target='_blank'>Wang<i> et al.</i> (2021)</a>","body without gut"
"<a href='Daphnia_phenanthrene_24h_Wang2021_body-without-gut.txt'target='_blank'>Daphnia_phenanthrene_24h_Wang2021_body-without-gut.txt</a>","<i>Daphnia</i>","aquatic invertebrate","phenanthrene","24 hours","water","21 (3)","438 </br> [397 - 478]","<a href='Daphnia_phenanthrene_24h_Wang2021_body-without-gut.pdf' target='_blank'>Link</a>","<a href=' 
        https://doi.org/10.1021/acs.est.0c06970
    
'target='_blank'>Wang<i> et al.</i> (2021)</a>","body without gut"
"<a href='Daphnia_phenanthrene_24h_Wang2021_gut-food.txt'target='_blank'>Daphnia_phenanthrene_24h_Wang2021_gut-food.txt</a>","<i>Daphnia</i>","aquatic invertebrate","phenanthrene","24 hours","food","24 (3)","0.0349 </br> [0.0265 - 0.039]","<a href='Daphnia_phenanthrene_24h_Wang2021_gut-food.pdf' target='_blank'>Link</a>","<a href=' 
        https://doi.org/10.1021/acs.est.0c06970
    
'target='_blank'>Wang<i> et al.</i> (2021)</a>","gut"
"<a href='Daphnia_phenanthrene_24h_Wang2021_gut.txt'target='_blank'>Daphnia_phenanthrene_24h_Wang2021_gut.txt</a>","<i>Daphnia</i>","aquatic invertebrate","phenanthrene","24 hours","water","25 (3)","993 </br> [934 - 1054]","<a href='Daphnia_phenanthrene_24h_Wang2021_gut.pdf' target='_blank'>Link</a>","<a href=' 
        https://doi.org/10.1021/acs.est.0c06970
    
'target='_blank'>Wang<i> et al.</i> (2021)</a>","gut"
"<a href='Daphnia_pyrene_24h_Wang2021_body-without-gut-food.txt'target='_blank'>Daphnia_pyrene_24h_Wang2021_body-without-gut-food.txt</a>","<i>Daphnia</i>","aquatic invertebrate","pyrene","24 hours","food","25 (3)","0.012 </br> [0.011 - 0.013]","<a href='Daphnia_pyrene_24h_Wang2021_body-without-gut-food.pdf' target='_blank'>Link</a>","<a href=' 
        https://doi.org/10.1021/acs.est.0c06970
    
'target='_blank'>Wang<i> et al.</i> (2021)</a>","body without gut"
"<a href='Daphnia_pyrene_24h_Wang2021_body-without-gut.txt'target='_blank'>Daphnia_pyrene_24h_Wang2021_body-without-gut.txt</a>","<i>Daphnia</i>","aquatic invertebrate","pyrene","24 hours","water","25 (3)","520 </br> [453 - 587]","<a href='Daphnia_pyrene_24h_Wang2021_body-without-gut.pdf' target='_blank'>Link</a>","<a href=' 
        https://doi.org/10.1021/acs.est.0c06970
    
'target='_blank'>Wang<i> et al.</i> (2021)</a>","body without gut"
"<a href='Daphnia_pyrene_24h_Wang2021_gut-food.txt'target='_blank'>Daphnia_pyrene_24h_Wang2021_gut-food.txt</a>","<i>Daphnia</i>","aquatic invertebrate","pyrene","24 hours","food","25 (3)","0.0777 </br> [0.071 - 0.0822]","<a href='Daphnia_pyrene_24h_Wang2021_gut-food.pdf' target='_blank'>Link</a>","<a href=' 
        https://doi.org/10.1021/acs.est.0c06970
    
'target='_blank'>Wang<i> et al.</i> (2021)</a>","gut"
"<a href='Daphnia_pyrene_24h_Wang2021_gut-water.txt'target='_blank'>Daphnia_pyrene_24h_Wang2021_gut-water.txt</a>","<i>Daphnia</i>","aquatic invertebrate","pyrene","24 hours","water","18 (3)","2163 </br> [1964 - 2355]","<a href='Daphnia_pyrene_24h_Wang2021_gut-water.pdf' target='_blank'>Link</a>","<a href=' 
        https://doi.org/10.1021/acs.est.0c06970
    
'target='_blank'>Wang<i> et al.</i> (2021)</a>","gut water"
"<a href='Enchytraeus_phenanthrene_14d_Dai2021_10.1<U+00B0>C.txt'target='_blank'>Enchytraeus_phenanthrene_14d_Dai2021_10.1<U+00B0>C.txt</a>","<i>Enchytraeus</i>","terrestrial worm","phenanthrene","14 days","sediment","16 (1)","228 </br> [209 - 246]","<a href='Enchytraeus_phenanthrene_14d_Dai2021_10.1C.pdf' target='_blank'>Link</a>","<a href=' 
        https://doi.org/10.1021/acs.est.0c06182
    
'target='_blank'>Dai<i> et al.</i> (2021)</a>","10.1 \circ\ C"
"<a href='Enchytraeus_phenanthrene_14d_Dai2021_14.3<U+00B0>C.txt'target='_blank'>Enchytraeus_phenanthrene_14d_Dai2021_14.3<U+00B0>C.txt</a>","<i>Enchytraeus</i>","terrestrial worm","phenanthrene","14 days","sediment","16 (1)","242 </br> [207 - 277]","<a href='Enchytraeus_phenanthrene_14d_Dai2021_14.3C.pdf' target='_blank'>Link</a>","<a href=' 
        https://doi.org/10.1021/acs.est.0c06182
    
'target='_blank'>Dai<i> et al.</i> (2021)</a>","14.3 \circ\ C"
"<a href='Enchytraeus_phenanthrene_14d_Dai2021_20.3<U+00B0>C.txt'target='_blank'>Enchytraeus_phenanthrene_14d_Dai2021_20.3<U+00B0>C.txt</a>","<i>Enchytraeus</i>","terrestrial worm","phenanthrene","14 days","sediment","16 (1)","284 </br> [250 - 317]","<a href='Enchytraeus_phenanthrene_14d_Dai2021_20.3<U+00B0>C.pdf' target='_blank'>Link</a>","<a href=' 
        https://doi.org/10.1021/acs.est.0c06182
    
'target='_blank'>Dai<i> et al.</i> (2021)</a>","20.3 \circ\ C"
"<a href='Enchytraeus_phenanthrene_14d_Dai2021_24.7<U+00B0>C.txt'target='_blank'>Enchytraeus_phenanthrene_14d_Dai2021_24.7<U+00B0>C.txt</a>","<i>Enchytraeus</i>","terrestrial worm","phenanthrene","14 days","sediment","16 (1)","327 </br> [275 - 368]","<a href='Enchytraeus_phenanthrene_14d_Dai2021_24.7C.pdf' target='_blank'>Link</a>","<a href=' 
        https://doi.org/10.1021/acs.est.0c06182
    
'target='_blank'>Dai<i> et al.</i> (2021)</a>","24.7 \circ\ C"
"<a href='Enchytraeus_phenanthrene_14d_Dai2021_5.3<U+00B0>C.txt'target='_blank'>Enchytraeus_phenanthrene_14d_Dai2021_5.3<U+00B0>C.txt</a>","<i>Enchytraeus</i>","terrestrial worm","phenanthrene","14 days","sediment","16 (1)","179 </br> [153 - 209]","<a href='Enchytraeus_phenanthrene_14d_Dai2021_5.3C.pdf' target='_blank'>Link</a>","<a href=' 
        https://doi.org/10.1021/acs.est.0c06182
    
'target='_blank'>Dai<i> et al.</i> (2021)</a>","5.3 \circ\ C"
"<a href='Enchytraeus_phenanthrene_14d_Dai2021_daily-temperature-variation.txt'target='_blank'>Enchytraeus_phenanthrene_14d_Dai2021_daily-temperature-variation.txt</a>","<i>Enchytraeus</i>","terrestrial worm","phenanthrene","14 days","sediment","16 (1)","265 </br> [246 - 285]","<a href='Enchytraeus_phenanthrene_14d_Dai2021_daily-temperature-variation.pdf' target='_blank'>Link</a>","<a href=' 
        https://doi.org/10.1021/acs.est.0c06182
    
'target='_blank'>Dai<i> et al.</i> (2021)</a>","daily temperature variation"
"<a href='Hyalella_diclofenac_1d_Fu2021_Cext-constant.txt'target='_blank'>Hyalella_diclofenac_1d_Fu2021_Cext-constant.txt</a>","<i>Hyalella</i>","aquatic invertebrate","diclofenac","1 days","water","30 (2)","490 </br> [1 - 496477]","<a href='Hyalella_diclofenac_1d_Fu2021_Cext-constant.pdf' target='_blank'>Link</a>","<a href=' 
        https://doi.org/10.1021/acs.est.0c07887
    
'target='_blank'>Fu<i> et al.</i> (2021)</a>","Cext constantbiotransformation"
"<a href='Hyalella_diclofenac_1d_Fu2021_Cext-variable.txt'target='_blank'>Hyalella_diclofenac_1d_Fu2021_Cext-variable.txt</a>","<i>Hyalella</i>","aquatic invertebrate","diclofenac","1 days","water","40 (2)","848 </br> [2 - 828853]","<a href='Hyalella_diclofenac_1d_Fu2021_Cext-variable.pdf' target='_blank'>Link</a>","<a href=' 
        https://doi.org/10.1021/acs.est.0c07887
    
'target='_blank'>Fu<i> et al.</i> (2021)</a>","Cext variablebiotransformation"
"<a href='Perca_SAmPAP_45d_Gaillard2017_liver.txt'target='_blank'>Perca_SAmPAP_45d_Gaillard2017_liver.txt</a>","<i>Perca</i>","fish","SAmPAP","45 days","food","13 (1)","1 </br> [0 - 16]","<a href='Perca_SAmPAP_45d_Gaillard2017_liver.pdf' target='_blank'>Link</a>","<a href=' 
        https://doi.org/10.1021/acs.est.6b05598
    
'target='_blank'>Gaillard<i> et al.</i> (2017)</a>","liverbiotransformation"
"<a href='Perca_SAmPAP_45d_Gaillard2017_muscles.txt'target='_blank'>Perca_SAmPAP_45d_Gaillard2017_muscles.txt</a>","<i>Perca</i>","fish","SAmPAP","45 days","food","13 (1)","0 </br> [0 - 2]","<a href='Perca_SAmPAP_45d_Gaillard2017_muscles.pdf' target='_blank'>Link</a>","<a href=' 
        https://doi.org/10.1021/acs.est.6b05598
    
'target='_blank'>Gaillard<i> et al.</i> (2017)</a>","musclesbiotransformation"
"<a href='Perca_SAmPAP_45d_Gaillard2017_serum.txt'target='_blank'>Perca_SAmPAP_45d_Gaillard2017_serum.txt</a>","<i>Perca</i>","fish","SAmPAP","45 days","food","13 (1)","1 </br> [0 - 33]","<a href='Perca_SAmPAP_45d_Gaillard2017_serum.pdf' target='_blank'>Link</a>","<a href=' 
        https://doi.org/10.1021/acs.est.6b05598
    
'target='_blank'>Gaillard<i> et al.</i> (2017)</a>","serumbiotransformation"
"<a href='Daphnia_uranium_2d_Scheibener2021.txt'target='_blank'>Daphnia_uranium_2d_Scheibener2021.txt</a>","<i>Daphnia</i>","aquatic invertebrate","uranium","2 days","water","6 (4)","5322 </br> [4551 - 6105]","<a href='Daphnia_uranium_2d_Scheibener2021.pdf' target='_blank'>Link</a>","<a id='cite-Scheibener2021'target='_blank'></a><a href='https://www.sciencedirect.com/science/article/pii/S0166445X21000953'>Scheibener<i> et al.</i> (2021)</a>","4 tested concentrations"
"<a href='Eisina_bifenthrin_504h_Firdaus2018.txt'target='_blank'>Eisina_bifenthrin_504h_Firdaus2018.txt</a>","<i>Eisina</i>","terrestrial worm","bifenthrin","504 hours","sediment","14 (1)","0.126 </br> [0.1141 - 0.1388]","<a href='Eisina_bifenthrin_504h_Firdaus2018.pdf' target='_blank'>Link</a>","<a id='cite-Firdaus2018'target='_blank'></a><a href='https://setac.onlinelibrary.wiley.com/doi/abs/10.1002/etc.4094'>Mohd Firdaus<i> et al.</i> (2018)</a>",NA
"<a href='Eisina_capture-LFR_504h_Firdaus2018.txt'target='_blank'>Eisina_capture-LFR_504h_Firdaus2018.txt</a>","<i>Eisina</i>","terrestrial worm","capture-LFR","504 hours","sediment","14 (1)","0.1568 </br> [0.1397 - 0.1763]","<a href='Eisina_capture-LFR_504h_Firdaus2018.pdf' target='_blank'>Link</a>","<a href='https://setac.onlinelibrary.wiley.com/doi/abs/10.1002/etc.4094'target='_blank'>Mohd Firdaus<i> et al.</i> (2018)</a>",NA
"<a href='Eisina_nano-A_504h_Firdaus2018.txt'target='_blank'>Eisina_nano-A_504h_Firdaus2018.txt</a>","<i>Eisina</i>","terrestrial worm","nano-A","504 hours","sediment","14 (1)","0.1773 </br> [0.1663 - 0.1879]","<a href='Eisina_nano-A_504h_Firdaus2018.pdf' target='_blank'>Link</a>","<a href='https://setac.onlinelibrary.wiley.com/doi/abs/10.1002/etc.4094'target='_blank'>Mohd Firdaus<i> et al.</i> (2018)</a>",NA
"<a href='Eisina_nano-B_504h_Firdaus2018.txt'target='_blank'>Eisina_nano-B_504h_Firdaus2018.txt</a>","<i>Eisina</i>","terrestrial worm","nano-B","504 hours","sediment","14 (1)","0.2004 </br> [0.1895 - 0.2112]","<a href='Eisina_nano-B_504h_Firdaus2018.pdf' target='_blank'>Link</a>","<a href='https://setac.onlinelibrary.wiley.com/doi/abs/10.1002/etc.4094'target='_blank'>Mohd Firdaus<i> et al.</i> (2018)</a>",NA
"<a href='Enchytraeus_AgNO3_10d_Topuz2015.txt'target='_blank'>Enchytraeus_AgNO3_10d_Topuz2015.txt</a>","<i>Enchytraeus</i>","terrestrial worm","AgNO3","10 days","water","10 (2)","2993 </br> [0 - 219390]","<a href='Enchytraeus_AgNO3_10d_Topuz2015.pdf' target='_blank'>Link</a>","<a id='cite-Topuz2015'target='_blank'></a><a href='https://setac.onlinelibrary.wiley.com/doi/abs/10.1002/etc.3123'>Topuz<i> et al.</i> (2015)</a>","4 tested concentrations"
"<a href='Gammarus_Cd_7d_Gestin2021_caeca.txt'target='_blank'>Gammarus_Cd_7d_Gestin2021_caeca.txt</a>","<i>Gammarus</i>","aquatic invertebrate","Cd","7 days","water","18 (3)","25808 </br> [19020 - 35682]","<a href='Gammarus_Cd_7d_Gestin2021_caeca.pdf' target='_blank'>Link</a>","<a id='cite-Gestin2021'target='_blank'></a><a href='https://www.sciencedirect.com/science/article/pii/S0160412021002506'>Gestin<i> et al.</i> (2021)</a>","caeca"
"<a href='Gammarus_Cd_7d_Gestin2021_cephalons.txt'target='_blank'>Gammarus_Cd_7d_Gestin2021_cephalons.txt</a>","<i>Gammarus</i>","aquatic invertebrate","Cd","7 days","water","18 (3)","1568 </br> [1131 - 2235]","<a href='Gammarus_Cd_7d_Gestin2021_cephalons.pdf' target='_blank'>Link</a>","<a href='https://www.sciencedirect.com/science/article/pii/S0160412021002506'target='_blank'>Gestin<i> et al.</i> (2021)</a>","cephalons"
"<a href='Gammarus_Cd_7d_Gestin2021_intestins.txt'target='_blank'>Gammarus_Cd_7d_Gestin2021_intestins.txt</a>","<i>Gammarus</i>","aquatic invertebrate","Cd","7 days","water","18 (3)","3792 </br> [2774 - 5067]","<a href='Gammarus_Cd_7d_Gestin2021_intestins.pdf' target='_blank'>Link</a>","<a href='https://www.sciencedirect.com/science/article/pii/S0160412021002506'target='_blank'>Gestin<i> et al.</i> (2021)</a>","intestins"
"<a href='Gammarus_Cd_7d_Gestin2021_tissues.txt'target='_blank'>Gammarus_Cd_7d_Gestin2021_tissues.txt</a>","<i>Gammarus</i>","aquatic invertebrate","Cd","7 days","water","18 (3)","5140 </br> [3681 - 7805]","<a href='Gammarus_Cd_7d_Gestin2021_tissues.pdf' target='_blank'>Link</a>","<a href='https://www.sciencedirect.com/science/article/pii/S0160412021002506'target='_blank'>Gestin<i> et al.</i> (2021)</a>","tissues"
"<a href='Gammarus_Hg_7d_Gestin2021_caeca.txt'target='_blank'>Gammarus_Hg_7d_Gestin2021_caeca.txt</a>","<i>Gammarus</i>","aquatic invertebrate","Hg","7 days","water","18 (3)","7832 </br> [4459 - 12687]","<a href='Gammarus_Hg_7d_Gestin2021_caeca.pdf' target='_blank'>Link</a>","<a href='https://www.sciencedirect.com/science/article/pii/S0160412021002506'target='_blank'>Gestin<i> et al.</i> (2021)</a>","caeca"
"<a href='Gammarus_Hg_7d_Gestin2021_cephalons.txt'target='_blank'>Gammarus_Hg_7d_Gestin2021_cephalons.txt</a>","<i>Gammarus</i>","aquatic invertebrate","Hg","7 days","water","21 (3)","41749 </br> [8893 - 2099539]","<a href='Gammarus_Hg_7d_Gestin2021_cephalons.pdf' target='_blank'>Link</a>","<a href='https://www.sciencedirect.com/science/article/pii/S0160412021002506'target='_blank'>Gestin<i> et al.</i> (2021)</a>","cephalons"
"<a href='Gammarus_Hg_7d_Gestin2021_intestins.txt'target='_blank'>Gammarus_Hg_7d_Gestin2021_intestins.txt</a>","<i>Gammarus</i>","aquatic invertebrate","Hg","7 days","water","21 (3)","7449 </br> [5576 - 10231]","<a href='Gammarus_Hg_7d_Gestin2021_intestins.pdf' target='_blank'>Link</a>","<a href='https://www.sciencedirect.com/science/article/pii/S0160412021002506'target='_blank'>Gestin<i> et al.</i> (2021)</a>","intestins"
"<a href='Gammarus_Hg_7d_Gestin2021_tissues.txt'target='_blank'>Gammarus_Hg_7d_Gestin2021_tissues.txt</a>","<i>Gammarus</i>","aquatic invertebrate","Hg","7 days","water","21 (3)","11968 </br> [7195 - 25250]","<a href='Gammarus_Hg_7d_Gestin2021_tissues.pdf' target='_blank'>Link</a>","<a href='https://www.sciencedirect.com/science/article/pii/S0160412021002506'target='_blank'>Gestin<i> et al.</i> (2021)</a>","tissues"
